Name,Location,City,Region,P.O. Box,Phone,Mobile,Company page link,Logo URL
Miyabi Sushi & Bento,"Next to Four Points by Sheraton, Behind UAE Exchange, Sh Zayed Road",Dubai,UAE,391073,"04-3868444,800MIYABI",050-2563842,https://www.yellowpages-uae.com/companywebsite.aspx?type=restaurant&q=www.miyabisushidubai.com?utm_source=Yellowpages-UAE.com%26utm_medium=YPUAEClicks%26utm_campaign=YPUAEWebAd,https://media.yellowpages-uae.com/wfile/webplogo/300762.webp
101 Parathas,"Near Grand Hotel, Abu Shagara",Sharjah,UAE,,06-5538106,06-5538136,,
18 Buffet,Al Garhoud,Dubai,UAE,,04-2999115,,,
18 Degree,"Hyatt Capital Gate, Al Arabi Street",Abu Dhabi,UAE,,02-5961440,,,
24h.ae Online Food Delivery Services,Al Barsha,Dubai,UAE,357347,04-4572307,,,
4 Guys,,Dubai,UAE,,04-4357377,,,
55 & 5th Restaurant,Saadiyat Island,Abu Dhabi,UAE,,02-4988008,,,
77 Veggie Boutique,"Boutique 11, Tiffany Tower, JLT",Dubai,UAE,644817,04-4224116,,,
800 Pizza,,Dubai,UAE,,80074992,,,
Aangan Restaurant,"Dhow Palace Hotel, Bur Dubai",Dubai,UAE,,04-3599992,,,
Abdul Aziz Restaurant,Sanaiya,Al Ain,UAE,16935,03-7211335,,,
Abdulla Zaid Restaurant,"Next to Al Shook Recording, Al Sham",Ras Al Khaimah,UAE,6744,07-2666693,,,
Abdullas Food Court,"US Accommodation, JAFZA",Jebel Ali,UAE,18009,04-8833115,,,
Abeer Cafeteria,"Al Rafaa Rd, Bur Dubai",Dubai,UAE,,04-3557715,050-5284843,,
Abshar Iranian Restaurant,Jumeirah,Dubai,UAE,56484,04-3940950,,,
Abshar Restaurant LLC,"Al Butin Plaza, Al Maktoum St, Deira",Dubai,UAE,63788,04-2230555,,,
Abu Fadi Restaurant,Jamal Abdel Naser St,Sharjah,UAE,82122,06-5535702,,,
Abu Hamdan Catering Services LLC,"1st Floor, M-36, Abu Hamdan Building, Near Car Taxi, Musaffah",Abu Dhabi,UAE,37471,02-5575757,,,
Abu Khalid Restaurant,"Sona Bazaar, Park Rd",Fujairah,UAE,456,09-2224592,,,
Abu Nasar Restaurant,TCA,Abu Dhabi,UAE,,02-6452229,,,
Abu Shakra Restaurant,Istiqlal St,Abu Dhabi,UAE,8090,02-6313400,,,
Accuro Specialist Support Services,Dubai Investment Park - 2,Dubai,UAE,283923,04-8071900,,,
Afamia Al Shaam,Khalifa,Abu Dhabi,UAE,,02-5526630,,,
Afdal Restaurant and Grill,Muroor Rd,Abu Dhabi,UAE,55204,02-4493916,,,
Afghan Darbar Restaurant LLC,"Near Mubarak Centre, Al Nabbah Area",Sharjah,UAE,40179,06-5638761,,,
Agemono Restaurant,"Al Khail Mall, Al Quoz Indl Area",Dubai,UAE,124145,04-3397925,,,
Ahl Almandi Restaurant,"Near NMC Hospital, Amman Rd, Al Nahda 2",Dubai,UAE,,04-2574448,,,
Ahmed Al Arab Restaurant,Muroor Rd,Abu Dhabi,UAE,70112,02-4431848,,,
Airlines Restaurant,Hamdan St,Abu Dhabi,UAE,4862,02-6335214,,,
Ajman Spring Restaurant & Grills,Opp Ajman Traffic Police Dept,Ajman,UAE,2,06-7462277,,,
Akher Saa Restaurant,Jamal Abdul Nasir Street,Sharjah,UAE,,06-5501999,,,
Al Abraj Restaurant,"Bhnd Joy Alukkas, Rolla",Sharjah,UAE,2907,06-5615335,,,
Al Afghani Al Khas Lil Kabab Restaurant LLC,"Fathima Hamdan Bin Kadim Bldg, Al Qasimiya St, Abu Shaghara",Sharjah,UAE,,06-5506674,,,
Al Afrah Al Thahabya Restaurant LLC,"Near Mega Mall, Abu Shagara",Sharjah,UAE,,06-5512323,056-2402323,,
Al Ain Restaurant,"Next KFC, Airport Rd",Abu Dhabi,UAE,25361,02-6422507,,,
Al Akhwan Restaurant,,Dubai,UAE,,04-2621704,,,
Al Akl Al Har Restaurant LLC,"Shop 2 & 3, Al Qassimiya",Sharjah,UAE,30459,06-5507939,,,
Al Amoor Restaurant,Al Quoz Indl Area,Dubai,UAE,,04-3470787,800 2526667,,
Al Anood Restaurant,"Near Asmara S/Market, Al Mamoorah",Ras Al Khaimah,UAE,12242,07-2236516,,,
Al Arrab Restaurant,Dubai Silicon Oasis Authority,Dubai,UAE,19492,04-3264949,,,
Al Aumdah Restaurant,"Al Mamzar Building, Abu Hail",Dubai,UAE,,04-2667749,050-3799440,,
Al Ayoubia Restaurant,Al Nasr St,Abu Dhabi,UAE,71955,02-6215242,,,
Al Badawi Restaurant,Jamal Abdul Nasir Street,Sharjah,UAE,,06-5444066,,,
Al Bait Al Malaky Mandi Restaurant,"Opp Safeer Mall, Ittihad Road",Sharjah,UAE,,06-5256663,05-5350075,,
Al Banadir Family Restaurant LLC,"Near Manama Center, Fire Stn R/A",Sharjah,UAE,,06-5628928,,,
Al Barakah Restaurant,"Near Natl S/Market, Rams Rd",Ras Al Khaimah,UAE,4612,07-2238349,,,
Al Bawadir Restaurant,,Sharjah,UAE,70803,06-5515957,,,
Al Bayan Purification and Potable Water LLC,Mussafah Indl Area,Abu Dhabi,UAE,51845,02-5510370,,,
Al Bustan Hotel,"Near Immigration Office, Al Kuwait Rd",Sharjah,UAE,6006,06-5731555,,,
Al Bustan Restaurant,Al Etihad Rd,Umm Al Quwain,UAE,505,06-7670077,,,
Al Daba Restaurant,"Near Moonlight S/Market, Julphar Rd, Julan",Ras Al Khaimah,UAE,4803,07-2238610,,,
Al Dahleez Restaurant,Garhoud,Dubai,UAE,37137,04-2823922,,,
Al Diar Siji Hotel,"Next to Fujairah Trade Centre, Beside Etisalat Bldg",Fujairah,UAE,1199,09-2232000,,,
Al Fakher Mandi & Traditional Restaurant,"Behind Labour Ministry, Hor Al Anz",Dubai,UAE,,04-2664660,"050-5712126, 04-2664",,
Al Falah Cafeteria,Abu Shagara,Sharjah,UAE,,06-5482275,055-3587798,,
Al Falah Restaurant and Cafeteria,Al Salam Road,Fujairah,UAE,,09-2235151,,,
Al Falak Restaurant,"Baladiya Building, Near Wadi 28, Al Maqam",Al Ain,UAE,3232,03-7681200,050-6732325,,
Al Falasi Restaurant & Cafeteria,Al Ghusais,Dubai,UAE,18977,04-2673141,,,
Al Fanar Restaurant,"Near Ritz Carlton, Vietnam Village",Abu Dhabi,UAE,,02-4481144,,,
Al Farah Pastry & Grills,"Behind Crown Plaza, Hamdan Street",Abu Dhabi,UAE,,02-6333777,,,
Al Fareej Restaurant,"Near Etisalat Office, Hamdan Street",Abu Dhabi,UAE,,02-6393335,055-3735435,,
Al Faris Restaurant,"Opp Old Fire Brigade, Al Muntazar Rd",Ras Al Khaimah,UAE,10308,07-2285682,,,
Al Fujairah Restaurant,Electra Rd,Abu Dhabi,UAE,36874,02-6782973,,,
Al Fursan,"Near Fire Station, Dibba",Fujairah,UAE,13227,09-2443211,,,
Al Ghub Restaurant,"Bin Sultan Rd, Mamourah",Ras Al Khaimah,UAE,5410,07-2282959,,,
Al Grissino,DIFC,Dubai,UAE,,04-3524000,,,
Al Habsha Restaurant,"Behind KIA Showroom, TCA",Abu Dhabi,UAE,,02-6770014,,,
Al Hadheeth Restaurant,"Near Rotana Hotel, Nabaa",Sharjah,UAE,96159,06-5632275,,,
Al Hajis Cafeteria and Restaurant,"Sunshine Bldg, Near Al Tayer Motors, Al Garhoud",Dubai,UAE,57671,04-2868244,,,
Al Hakorah Restaurant & Catering,Salam St,Abu Dhabi,UAE,4602,02-6447979,,,
Al Hallab Restaurant and Sweets LLC,Al Garhoud,Dubai,UAE,40350,04-2823388,,,
Al Hamadi Restaurant,"Al Hamra, Jazeera",Ras Al Khaimah,UAE,6487,07-2445416,,,
Al Haram Restaurant,"Near Emarat Petrol Pump, Bazaar Area",Umm Al Quwain,UAE,213,06-7656965,,,
Al Heel Rest and Catering,Khalidia,Abu Dhabi,UAE,480,02-6215116,,,
Al Hulmiah Restaurant,"Near Liberty Signal, Al Wahda St",Sharjah,UAE,,06-5259382,,,
Al Ibrahimi Palace Restaurant,"Opp New Burjuman Centre, Karama",Dubai,UAE,,04-3977070,,,
Al Ibtihal Restaurant,,Dubai,UAE,,04-3311170,,,
Al Ijaza Cafeteria,"Beach Road, Jumeirah 1",Dubai,UAE,,04-3444874,050-3444874,,
Al Insaf Al Afghani Restaurant,"Near Mubarak Centre, Al Nabba, Rolla",Sharjah,UAE,4362,06-5618840,,,
Al Insha Restaurant,"Opp Emirates Islamic Bank, Near National Paints, Kalba Rd",Sharjah,UAE,,06-5358438,,,
Al Irshad Restaurant,Khabisi Area,Al Ain,UAE,67394,03-7620492,,,
Al Ishbaa Restaurant,Near Mussalla Park,Sharjah,UAE,,06-5620410,,,
"Al Islami Foods Co, ( Al Farooj Head Office)",,Jebel Ali,UAE,21984,,,,
Al Joory Hyderabadi Restaurant,"Near Old Honda S/R, Abu Shagara",Sharjah,UAE,,06-5447373,050-6424016,,
Al Kabab Al Afghani Al Jadeed Restaurant,"Opp Sadaf Rest, Al Marija St, Mena Rd",Sharjah,UAE,,06-0522554,,,
Al Kabab Al Laziz Afghani Rest LLC,"Near Zulekha Hospital, Al Zahra St, Nasiriya",Sharjah,UAE,,06-5656127,,,
Al Karnak,Al Diyafa,Dubai,UAE,,04-3980123,,,
Al Khaial Cafeteria & Restaurant,"Al Mamzar Building, Bhnd Public Library",Dubai,UAE,,04-2628781,052-4507925,,
Al Khaja Group,,Dubai,UAE,5060,04-3808787,,,
Al Khaja Hospitality,Deira,Dubai,UAE,5060,04-2973000,,,
Al Khaleej Al Arabi Pastry,,Sharjah,UAE,,06-5368950,050-9781207,,
Al Khaleej Al Latheethah Pastry,Al Buhaira,Sharjah,UAE,,06-5564443,,,
Al Khiyma Restaurant,"Near Sahara Centre, Al Nahda St",Sharjah,UAE,21107,06-5314858,,,
Al Khoor Restaurant,"Bhnd Old Sharjah Cinema, Rolla",Sharjah,UAE,20164,06-5681059,,,
Al Kurup Restaurant,"Near Taxi Station, Industrial Area",Umm Al Quwain,UAE,387,06-7664386,,,
Al Maharah Restaurant,"Opp Al Majaz Park, Al Wahda St",Sharjah,UAE,23935,06-5599554,,,
Al Majas Restaurant LLC,Bur Dubai,Dubai,UAE,102995,04-3930042,055-4469185,,
Al Malaki Rajasthan Restaurant,"Near Wafa Supermarket, National Paint",Sharjah,UAE,25648,06-5340441,,,
Al Mallas,"Jumeirah St, Umm Suqeim 2",Dubai,UAE,,800-625527,,,
Al Manbar Cafeteria,"Near Fire Station, Muwaileh",Sharjah,UAE,,06-5356919,,,
Al Manbar Restaurant & Cafeteria,"Near Fair Point, Kalba Rd, Indl Area 17",Sharjah,UAE,,06-5359454,,,
Al Mansoori Restaurant,Khalidiya,Abu Dhabi,UAE,42756,02-6219001,,,
Al Marasim Al Afghani Restaurant,"Near KM Trading, Opp Tasheel. Abu Shagara",Sharjah,UAE,,06-5599356,055-5591417,,
Al Mathaq Al Shamsi Restaurant,"Frij Murar, Deira",Dubai,UAE,,04-2711945,050-1596211,,
Al Mayass Restaurant,Abu Dhabi Corniche,Abu Dhabi,UAE,,02-6440440,,,
Al Minar Restaurant,Deira,Dubai,UAE,,04-2222622,,,
Al Misyal Bar,Liwa,Abu Dhabi,UAE,,02-8822000,,,
Al Mobile Restaurant,"Bhnd Central Bank, Abu Shagara",Sharjah,UAE,,06-5593398,,,
Al Nafoora Restaurant - Coral Deira Dubai,Al Muraqabbat Road,Dubai,UAE,82999,04-2128268,,,
Al Nahda Palace LLC,Al Nahda,Sharjah,UAE,,06-5454422,,,
Al Nakheel Lounge - Grand Hyatt Dubai,Nakheel,Dubai,UAE,7978,04-3171100,,,
Al Naseem Al Akhdar Restaurant,"Behind Fortune Hotel, Naif",Dubai,UAE,,04-2233661,,,
Al Nashmi Restaurant,"Behind UAE Exchange, Bur Dubai",Dubai,UAE,,04-3539926,050-2589257,,
Al Nasr Cinema Restaurant,"Lulu Village, Muhaisnah, Qusais",Dubai,UAE,7135,04-2641925,,,
Al Nasr Restaurant,"R/A 5, Jebel Ali Free Zone",Jebel Ali,UAE,16837,04-8818600,,,
Al Nedaa Cafeteria,Bur Dubai,Dubai,UAE,85549,04-3593136,,,
Al Noaman Restaurant and Cafeteria,"Sh Ahmed Bin Mohd Sharqi Road, Dibba Al Fujairah",Dibba,UAE,12134,09-2441404,,,
Al Nouman Rest and Catering,Dibba,Fujairah,UAE,13124,09-2441404,,,
Al Omara Al Jadeed Restaurant,"Near Main Gate, R/A 5, Jebel Ali Free Zone",Jebel Ali,UAE,16837,04-8818518,,,
Al Qabael Restaurant,Al Quoz 3,Dubai,UAE,11780,04-3392633,,,
Al Qantarah Restaurant,Al Nahda,Sharjah,UAE,,06-5316696,,,
Al Qasaba Restaurant,Al Zahara,Ajman,UAE,1259,06-7431383,,,
Al Qasr Grills,TCA,Abu Dhabi,UAE,45240,02-6449933,,,
Al Qubtan Restaurant,,Dubai,UAE,36093,04-2850530,,,
Al Rabash Mandi Restaurant,Al Nahda,Dubai,UAE,,04-2344455,,,
Al Raousha Restaurant & Grills,"Behind First Abu Dhabi Bank, Near Al Noor Hospital, Khalifa Street, Al Markaziya",Abu Dhabi,UAE,,02-6272637,,,
Al Rawaq,Liwa,Abu Dhabi,UAE,,02-8822000,,,
Al Razooqi Restaurant,Al Quoz,Dubai,UAE,,04-3383183,,,
Al Reef Al Yamani Restaurant & Bakeries,Abu Hail,Dubai,UAE,,04-2699910,055-9544426,,
Al Reef Lebanese Rest & Grills,Al Qusais,Dubai,UAE,2601,04-2632700,,,
Al Reem Trays Restaurant,,Abu Dhabi,UAE,,02-6668649,,,
Al Saad Restaurant,"Al Nakheel, Opp Al Rais Travels",Ras Al Khaimah,UAE,13135,07-2283889,,,
Al Safadi Grill & Restaurant,Al Qassimia,Sharjah,UAE,,06-5751235,,,
Al Safary Restaurant,"Central Market, Dibba Al Hassan",Dibba,UAE,12116,09-2444749,,,
Al Safsaf Restaurant,Mussafah 10,Abu Dhabi,UAE,,02-5522585,,,
Al Sahil Al Jadeed Restaurant,Abu Shagara,Sharjah,UAE,,06-5485996,056-6966631,,
Al Sakab,Shaikh Zayed Road,Dubai,UAE,,04-3234333,,,
Al Satwa Garden Restaurant,Satwa,Dubai,UAE,,04-3290052,,,
Al Shahama Cafeteria,"Muradi Rd, Satwa",Dubai,UAE,,04-3327375,,,
Al Shaheen Restaurant,Bateen,Abu Dhabi,UAE,46127,02-6651164,,,
Al Shaki Restaurant,"Oman Rd, Al Nakheel",Ras Al Khaimah,UAE,11598,07-2288354,,,
Al Sham Rose Restaurant,"Next to Dubai Women's College, Bhnd NMC, Al Qusais",Dubai,UAE,,04-2677917,,,
Al Sham Village Restaurant,"Jumeirah Beach Road, Umm Suqeim 2",Dubai,UAE,233485,04-3399517,,,
Al Shamah Cafeteria,"Near Al Wafa Centre, Muweilah",Sharjah,UAE,,06-5356366,,,
Al Shameat Restaurant,"Near Al Waheda Post, Jamal Abdel Naser St",Sharjah,UAE,,06-5535505,,,
Al Shami Corner Rest,Jamal Abdul Nasir St,Sharjah,UAE,,06-5558086,,,
Al Shater Hassan Restaurant,,Abu Dhabi,UAE,,02-6416616,,,
Al Sheraa Al Dahbi Seafood Restaurant,Khalifa St,Abu Dhabi,UAE,41230,02-6277204,,,
Al Sheraa Al Dhabi Restaurant,Khalfa Street A Noor Hosptal Bldg.,Abu Dhabi,UAE,,050-8383454,,,
Al Sheraa Dhahabi Sea Food Restaurant,Khalifa St,Abu Dhabi,UAE,41230,02-6277204,,,
Al Shorafa Restaurant,Bur Dubai,Dubai,UAE,50589,04-3935678,,,
Al Shorfa Restaurant And Cafe,Dubai Marina,Dubai,UAE,238888,04-4525254,,,
Al Sibtain Restaurant,Old Passport Rd,Abu Dhabi,UAE,55104,02-6723472,,,
Al Sirath Restaurant & Grill,Al Qassimia,Sharjah,UAE,,06-5743422,,,
Al Subat Restaurant,"Al Zahra St, Maysaloon",Sharjah,UAE,,06-5638988,,,
Al Sukaria Restaurant & Cafe,"Al Sheebani Building, Al Seba St, Dubai Marina",Dubai,UAE,,04-5530501,,,
Al Sultan Restaurant,Defence Rd,Abu Dhabi,UAE,70070,02-6415035,,,
Al Sultan Restaurant,"Opp Dubai Comml Bank, Al Nakheel",Ras Al Khaimah,UAE,1063,07-2221076,,,
Al Surur Traditional Kitchen,Ras Al Khor,Dubai,UAE,66743,04-2894328,,,
Al Tabaq Al Zahabi Restaurant,"Opp New Etisalat Building, Near Al Ghubaiba Bus Stn, Bur Dubai",Dubai,UAE,,04-3933812,055-9501917,,
Al Taher Restaurant,Corniche Rd,Ajman,UAE,4683,06-7473569,,,
Al Tahi Al Arabic Restaurant LLC,Sahara Mall,Sharjah,UAE,,06-5251919,,,
Al Taiba Restaurant,"Bhnd Pic & Save S/Market, King Faisal Rd",Sharjah,UAE,4427,06-5598255,,,
Al Taj Restaurant,"Al Baraha, Deira",Dubai,UAE,251792,04-2711273,,,
Al Tannour,"Crowne Plaza, Sh zayed road",Dubai,UAE,,04-3311111,,,
Al Tasamoh Kitchen and Mandi Rest,"Damascus Rd, Al Qusais",Dubai,UAE,48600,04-2676622,,,
Al Thahabi Cafeteria,,Sharjah,UAE,,06-5650164,,,
Al Wafa Restaurant,Al Rashidiya 1,Ajman,UAE,1175,06-7408413,,,
Al Waha International,Qasar Al Sarab Desert Resort,Abu Dhabi,UAE,,02-8862088,,,
Al Wakra Restaurant,"Opp Sana Fashions, Al Qassimia Rd",Sharjah,UAE,63609,06-5396960,,,
Al Waqqas Restaurant,"Opp Taxi Stand, Bur Dubai",Dubai,UAE,52681,04-3933612,050-2082898,,
Al Yasmeen Al Shami Restaurant,"Near Hilal Bank, Abdul Aziz Rd",Sharjah,UAE,,06-5482240,,,
Al Yemen Mandi Restaurant,Abu Hail,Dubai,UAE,,04-2662207,,,
Al Zad Restaurant,"Damascus Street, Al Qusais",Dubai,UAE,,04-2635470,056-8608155,,
Al Zahra Walandaleeb Rest,Deira,Dubai,UAE,29688,04-2221422,,,
Al Zanjabeel Fast Food,King Faisal Street,Sharjah,UAE,,06-5448817,,,
Allures Coffees,"Oaks Liwa Heights Hotel, JLT",Dubai,UAE,,04-4363434,,,
Almanhal Restaurant & Cafeteria LLC,"Al Zahra St, Nasseriya",Sharjah,UAE,,06-5655253,,,
Almaz By Momo,Mall of The Emirates,Dubai,UAE,,04-4098877,,,
Alpha Restaurant,Al Manakh,Sharjah,UAE,73116,055-7700860,055-7702400,,
Alrabee Alshami Bakeries,"King Faisal Rd, Al Qasimiyah",Sharjah,UAE,,06-5756700,,,
Alto Mar,Jumeirah Fishing Harbour,Dubai,UAE,,04-3435225,,,
Amala - Jumeirah Zabeel Saray,"Right Wing, Jumeirah Zabeel Saray, Palm Jumeirah",Dubai,UAE,,04-4530000,,,
Amani Pizza,"Beside KM Trading, Salam Street",Abu Dhabi,UAE,,02-4488612,055-2778844,,
Amassi International Cuisine and Lounge,Khalidiya,Abu Dhabi,UAE,37747,02-6810099,,,
Amrutha Restaurant,"Opp Adcb, Mana Rd, Rolla",Sharjah,UAE,21677,06-5325355,,,
Amwaj Seafood,Baniyas Island,Abu Dhabi,UAE,,02-8015400,,,
Anar,Souk Madinat,Dubai,UAE,,04-3686505,,,
Angar,"Yas Viceroy, Yas Island",Abu Dhabi,UAE,,02-6560760,,,
Anjappar Authentic Chettinad Restaurant,"Behind Commercial Bank Of Dubai, Khalidiya",Abu Dhabi,UAE,37658,02-6667763,,,
Anjappar Chettinad Restaurant LLC,"Al Murjan Tower, Near Carrefour, Al Nahda",Dubai,UAE,,04-2578773,,,
Annam Restaurant,Salam St,Abu Dhabi,UAE,126587,02-6436088,,,
Ansari Group of Company,"King Abdul Aziz Street, Al Qasimia",Sharjah,UAE,,06-8859635,050-6789325,,
Antar Cafeteria,Jumeirah 4,Dubai,UAE,,04-3955722,,,
Anwar Restaurant,Hili,Al Ain,UAE,1676,03-7845811,,,
Apple Cafe and Restaurant,"3rd Flr, Twin Towers, Baniyas Rd, Deira",Dubai,UAE,42714,04-2274446,,,
Arab Island Restaurant,Hor Al Anz,Dubai,UAE,,04-2621212,,,
Arab Tower Restaurant,Umm Al Nar,Abu Dhabi,UAE,8879,02-5583738,,,
Arabian Fome Restaurant & Cafeteria,Al Quoz,Dubai,UAE,,04-3388980,,,
Arabian House Restaurant,,Abu Dhabi,UAE,,02-4450949,,,
Arabian Seashell Cafeteria,"Beach Road, Jumeirah 3",Dubai,UAE,,04-3942886,,,
Arman Cafe,"G Floor, Al Maktoum St, Dubai Corniche Hotel & Residence, Al Maktoum St, Deira",Dubai,UAE,181858,04-2292983,,,
Aroma Garden Caffe,"Al Amri Bldg, Oud Metha Rd, Karama",Dubai,UAE,30651,04-3368999,,,
Aroma Spicy Restaurant,"Behind Eldorado Cinemas, Electra Street",Abu Dhabi,UAE,,02-6770064,050-4795683,,
Arous Al Wadi Restaurant,Al Nahda,Sharjah,UAE,,06-5363600,,,
Arrows & Sparrows Cafe,"Emaar Business Park, The Greens",Dubai,UAE,,04-5588141,,,
Art House Cafe,"Eitihad Modern Art Galley, Al Bateen",Abu Dhabi,UAE,,02-4182466,,,
Arya Bhavan Restaurant,Al Falah St,Abu Dhabi,UAE,,02-4450909,,,
Asfar Restaurant & Coffee Shop,,Abu Dhabi,UAE,,02-6422217,,,
Ashbilia Restaurant,Karama,Dubai,UAE,50080,04-3969726,,,
Ashrafi Restaurant,"Near Cargo Village, Airport Rd",Dubai,UAE,60825,04-2821718,,,
Asia De Cuba,Corniche Road,Abu Dhabi,UAE,,02-6993333,,,
Asian Palace Sharjah Restaurant,"Mubarak Centre, Al Aroba St",Sharjah,UAE,,06-5233505,,,
Assia In Work,"The Res Tower 1, Burj Dubai",Dubai,UAE,184512,04-4205225,,,
Atayab Public Kitchen and Restaurant,Dibba Wasit,Dibba,UAE,11757,09-2443644,,,
Atayeb,"Yas Viceroy, Yas Island",Abu Dhabi,UAE,,02-6560000,,,
Atelier M,Dubai Marina,Dubai,UAE,,04-4507766,,,
Athena Greek Cuisine,Abu Dhabi Mall,Abu Dhabi,UAE,53128,02-6450060,,,
Automatic Restaurant & Grill,"Near ADCB, Corniche Rd",Sharjah,UAE,28977,06-5741222,,,
Avani Restaurant LLC,"Al Dana Centre, Arjaan Food Court, Karama",Dubai,UAE,44056,04-2989142,,,
Avasa Restaurant,Saadiyat Island,Abu Dhabi,UAE,,02-6742221,,,
Avon Restaurant,"Gold Souq, Deira",Dubai,UAE,,04-2251827,,,
Awtar Restaurant,TCA,Abu Dhabi,UAE,4832,02-6441551,,,
Aysha Restaurant,"Street 33C, Al Mussalla Road, Bur Dubai",Dubai,UAE,,04-3525315,052-8221486,,
Bab Al Yemen Mandi Restaurant,,Dubai,UAE,,04-2558787,052-1131120,,
Bab Deira Restaurant,Abu Shagara Park,Sharjah,UAE,,06-5344765,052-9132220,,
Bagatelle,"Farimont Hotel, Shk Zayed Road",Dubai,UAE,,04-3545035,,,
Baguette,Khalifa St,Abu Dhabi,UAE,27363,02-6276442,,,
Baguette Cafe and Restaurant,Corniche,Abu Dhabi,UAE,2698,02-6273100,,,
Bait Al Kanafa Restaurant,Deira,Dubai,UAE,,04-2689900,052-2125599,,
Bait Al Khetyar Cafeteria,Najdah St,Abu Dhabi,UAE,,02-6333200,,,
Bait Al Mandi Restaurant,Muraqabat,Dubai,UAE,,04-2629139,,,
Bait Al Wakeel,"Near Bank Of Baroda, Bur Dubai",Dubai,UAE,3919,04-3534870,,,
Bait Karachi and Delhi Biryani Restaurant,"Next to Mega Mall, Abu Shagara",Sharjah,UAE,,06-5734651,,,
Baker Street,"G 08, Dubai Gate, JLT",Dubai,UAE,488183,04-3629392,,,
Bakhit Ahmed Bakhit Restaurant,,Dubai,UAE,,04-2711357,,,
Balad Al Khayvat Restaurant,Near National Paints. Muwailah Rd,Sharjah,UAE,,06-5427605,,,
Baladna,,Abu Dhabi,UAE,,02-6446648,,,
Bandar Bride Restaurant,"Murshid Bazar, Deira",Dubai,UAE,112675,04-2254443,,,
Bandung Restaurant,Baharia St,Abu Dhabi,UAE,73843,02-6452008,,,
Bangkok Town Thai Restaurant,"Bhnd Al Massa Cinema, Buhairah Corniche",Sharjah,UAE,38616,06-5568282,,,
Banglore Empire Restaurant LLC,Al Qusais,Dubai,UAE,,04-2611433,050-5042635,,
Barasti,"Le Meridian, Mina Seyahi",Dubai,UAE,,04-3993333,,,
Barbar Neirut Restaurant & Cafe,Rigga,Dubai,UAE,,04-2999990,050-2090067,,
Barca Club,Palm Jumeirah,Dubai,UAE,,04-4393548,,,
Bareburger,Festival City,Dubai,UAE,,04-3387110,,,
Barouk Restaurant,Yas Island,Abu Dhabi,UAE,,02-6563000,,,
Barracuda Restaurant,"Beach Rd, Jumeirah 3",Dubai,UAE,,04-3940408,,,
Barzat Tea Time Cafeteria,"Behind Adnoc Main Building, Salam Street",Abu Dhabi,UAE,,02-6261415,052-6795353,,
Bateaux Dubai,Jumeirah,Dubai,UAE,26500,04-3994994,,,
Bawabat Demashq Restaurant,Al Muraqabat St,Dubai,UAE,,600 544745,,,
Bay Leaf (Indian Cuisine),"Bhnd Lulu, Al Barsha",Dubai,UAE,38404,04-3235265,,,
Bay Leaf Indian Coastal Cuisine,"Opp Lamcy Plaza, Oud Metha",Dubai,UAE,,04-3583962,,,
Bazerkan Lebanese Restaurant,,Dubai,UAE,,04-3397750,,,
Bazxar,DIFC,Dubai,UAE,,04-3551111,,,
BBQ Al Qasr,"Emirates Palace, Al Ras Al Akhdar",Abu Dhabi,UAE,,02-6907999,,,
BBQ Tonight,Satwa,Dubai,UAE,,04-3425272,,,
Beach House Restaurant,Saadiyat Island,Abu Dhabi,UAE,,02-4071234,,,
Beauty Restaurant,Bidiya Area,Dibba,UAE,18128,09-2388563,,,
Beijing Chinese Restaurant,"Near Al Mamzar Centre, Abu Hail",Dubai,UAE,24365,04-3437674,055-5050865,,
Beiutna Restaurant & Cafe,Garhoud,Dubai,UAE,6433,04-2947744,,,
Bel Mondo Cafe and Restaurant,Hamdan St,Abu Dhabi,UAE,47401,02-6763867,,,
Beldian Cafe,"Inter Continental, Al Bateen",Abu Dhabi,UAE,,02-6666888,,,
Belgian Beer Cafe,Souk Madinat,Dubai,UAE,,04-4470227,,,
Bengre Kamat Restaurant LLC,"Near Dolphin Hotel Apartments, Bur Dubai",Dubai,UAE,43261,04-3553611,,,
Benjarong,"Dusit Thani Dubai, Sh zayed road",Dubai,UAE,,04-3080000,,,
Bently Bristo & Bar,"The Galleria, Al Maryah Island",Abu Dhabi,UAE,,02-6262131,,,
Bentoya Kitchen,Sh Zayed Rd,Dubai,UAE,,04-3430222,,,
Bertin,"Al Manara, Shk Zayed Road",Dubai,UAE,,04-3219239,,,
Berts Cafe,The Greens,Dubai,UAE,,04-3619292,,,
Bhavana Restaurant,Electra St,Abu Dhabi,UAE,,02-6334342,,,
Biancorosso,"Y Tower, Muroor Road, Al Nahyan",Abu Dhabi,UAE,40437,02-6584244,,,
Big Bite Restaurant,Near Abu Shagara Park,Sharjah,UAE,,06-5595643,050-6982807,,
Big Gate Restaurant & Cafeteria,"Nakheel Rd, Deira",Dubai,UAE,,04-2212215,056-2775657,,
Big Smoke Burger,Al Wasl Road,Dubai,UAE,,04-3436533,,,
Bilad Al Rafidain Used Car LLC,,Sharjah,UAE,2560,06-5424667,,,
Billionaire Mansion,"Taj Dubai, Business Bay",Dubai,UAE,,04-5103100,,,
Bin Hindi Restaurant,"R/A 8, Near Al Badia Rest, Jebel Ali Free Zone",Jebel Ali,UAE,17280,04-8836620,,,
Biriyani House Restaurant,Ajman-Sharjah Rd,Sharjah,UAE,4551,06-7432136,,,
Biriyani Hut Restaurant LLC,Madinat Zayed,Abu Dhabi,UAE,105329,02-6332112,,,
Biriyani Pot,Jumeirah,Dubai,UAE,,04-3382277,,,
Biryani Centre Restaurant,"Shabiya M 10, Musaffah",Abu Dhabi,UAE,,02-5550888,055-8585842,,
Biryani Hut Restaurant LLC,"Fathima Bldg, Near Madina Mall, Muhaisnah",Dubai,UAE,,04-2344885,052-8833248,,
Biryani Times Restaurant,,Dubai,UAE,,04-2886658,052-4240324,,
Bisaya Restaurant,Qusais,Dubai,UAE,,04-3709588,050-4759339,,
Bistro Des Arts,Dubai Marina,Dubai,UAE,,04-5511576,,,
BiteRite,Muroor Rd,Abu Dhabi,UAE,37005,02-6411660,,,
Black Pearl (Al Raha Beach Hotel),,Abu Dhabi,UAE,,02-5080555,,,
Black Tap,Madinat Jumeirah,Dubai,UAE,,04-4229904,,,
Blue City Restaurant,"Near Al Tayer Motors, Garhoud",Dubai,UAE,7135,04-2824800,,,
Blue Dana Restaurant,Al Wahda St,Sharjah,UAE,22196,06-5531680,,,
Blue Jade,"The Ritz Carlton, JBR",Dubai,UAE,,04-3186150,,,
Blue Marlin Ibiza UAE,"Golden Tulip Beach Resort, Ghantoot",Abu Dhabi,UAE,,056-1133400,,,
Blue Sea Refreshments,Near National Cinema,Abu Dhabi,UAE,,02-6780085,056-7101395,,
Boa Steakhouse,Al Markaziyah,Abu Dhabi,UAE,,02-6411500,,,
Bob's Fish & Chips,Dubai Marina,Dubai,UAE,66413,04-4504262,,,
Bobs Easy Dinner,The Walk,Dubai,UAE,,800 2627,,,
Boca Cafe,DIFC,Dubai,UAE,,04-3231833,,,
Bocadillo,,Abu Dhabi,UAE,,02-6456020,,,
Bombay Spice Garden,"Near Choithram, Abu Shagarah",Sharjah,UAE,,06-5533827,,,
Bombay Sweets & Bakery LLC,"Amman St, Al Nahda",Dubai,UAE,234872,04-2398901,050-8684110,,
Bon Appetit,Sh zayed road,Dubai,UAE,,04-3438311,,,
Bon Food LLC,Madinat Zayed Shopping Complex,Abu Dhabi,UAE,27425,02-6339497,,,
Bonfood Restaurant,"Grand Shopping Mall, Al Quoz",Dubai,UAE,72253,04-3380807,,,
Bonna Annee,Salam Street,Abu Dhabi,UAE,,02-4912128,,,
Bonsai Japanese Restaurant,Sh Tahnoon Rd,Abu Dhabi,UAE,42776,02-4434807,,,
Bord Eau,"Shangri La, Al Maqta",Abu Dhabi,UAE,,02-5098888,,,
Bottega,"Sofitel Dubai, The Palm",Dubai,UAE,,04-4556677,,,
Bounty Bar,Liwa,Abu Dhabi,UAE,,02-5629100,,,
Bowling City,"4th Floor, Al Mariah Cinema Complex, Hamdan St",Abu Dhabi,UAE,52203,02-6760444,,,
Brasserie Angelique,Jumeirah At Etihad Towers,Abu Dhabi,UAE,,02-8115666,,,
Brasserie Quartier,"Habtoor City, Shk Zayed Road",Dubai,UAE,,04-4355577,,,
Brauhaus,"Beach Rotana, Al Zahiyah",Abu Dhabi,UAE,,02-6979011,,,
Bread Street Kitchen,"Atlantis, The Palm",Dubai,UAE,,04-4262626,,,
Breakfast To Breakfast,"Al Riqqa St, Deira",Dubai,UAE,14831,04-2223011,,,
Brick Lane,Al Barsha 1,Dubai,UAE,,04-3996786,,,
Bright Moon Restaurant,"Opp Al Rolla Pharmacy, Rolla Rd, Bur Dubai",Dubai,UAE,,04-3939105,050-2822890,,
Broccoli Pizza & Pasta,Tecom,Dubai,UAE,,04-4390305,,,
Brummanah Restaurant,Garhoud,Dubai,UAE,60939,04-2501550,,,
Brunei Restaurant,"Bhnd Post Office, Satwa",Dubai,UAE,34541,04-3420203,,,
Brunello,"Kempenski Hotel, The Palm",Dubai,UAE,,04-4442501,,,
Brunswick Sports Club,Mall Of The Emirates,Dubai,UAE,,056-4040685,,,
BU American Restaurant,"World Trade Centre Mall, Airport Road",Abu Dhabi,UAE,,02-6668066,,,
Bu Qtair,Jumeirah Beach Road,Dubai,UAE,,055-7052130,,,
Bundoo Khan,Al Futtaim Rd,Dubai,UAE,,04-2336333,,,
Bur Al Hickman Hospitality,,Dubai,UAE,49463,04-3808848,,,
Burger & Lobster,DIFC,Dubai,UAE,,04-5148838,,,
Burger Joint New York,City Walk,Dubai,UAE,,04-3444459,,,
Burj Al Khan Restaurant,Al Khan,Sharjah,UAE,,06-5546422,,,
Bushmans,The Palm,Dubai,UAE,,04-5678304,,,
Bussola,"Western Mina Seyahi, Al Soufouh Rd, Dubai Marina",Dubai,UAE,,04-3994141,,,
Butcher & Still,"Four Seasons, Al Maryah",Abu Dhabi,UAE,,02-3332700,,,
Cactus Jacks,"Millenium Airport Road Hotel, Al Garhoud",Dubai,UAE,,04-7028844,,,
Caesar Garden Restaurant,Near Al Wahda Post Office,Sharjah,UAE,,06-5594140,050-2813466,,
Caesar's Restaurant and Confectionery,"Opp Choithram S/Market, Electra St",Abu Dhabi,UAE,44514,02-6787244,056-5373990,,
Caf Barbera,"Al Salam Tower, Dubai Media City",Dubai,UAE,,04-4468616,,,
Cafe,"The Walk, Jumeirah Beach Residence, JBR",Dubai,UAE,,04-4281551,,,
Cafe Arabesque,"Park Hyatt, Deira",Dubai,UAE,,04-3172222,,,
Cafe Arabia,,Abu Dhabi,UAE,,02-6439699,,,
Cafe Belge,Ritz Carlton. DIFC,Dubai,UAE,,04-3722323,,,
Cafe Berlin Restaurant,"Grand Cinema Bldg, Al Buhaira Corniche",Sharjah,UAE,,06-5564564,,,
Cafe D Alsace,Yas Marina,Abu Dhabi,UAE,,02-4963412,,,
Cafe Diego,Al Khubeirah,Abu Dhabi,UAE,,02-6772344,,,
Cafe Du Roi LLC,TCA,Abu Dhabi,UAE,25024,02-6816367,,,
Cafe Julie,JLT,Dubai,UAE,,04-3649477,,,
Cafe Nikki,Pearl Jumeirah,Dubai,UAE,,04-3766000,,,
Caliburger,Shk Zayed Road,Dubai,UAE,,800 2254,,,
Calicut Town Restaurant,"Al Najoom Bldg, Bhnd DNATA, Port Saeed, Deira",Dubai,UAE,,04-2698862,055-8803166,,
Can Can Brasserie,"Ritz Carlton, DIFC",Dubai,UAE,,04-3722222,,,
Canopy Restaurant,Hamdan St,Abu Dhabi,UAE,38541,02-6788036,,,
Cantina Laredo,"Khalidiya Mall, Khalidiya Street",Abu Dhabi,UAE,,600 561112,,,
Canton Restaurant,,Sharjah,UAE,,06-5676310,050-8888317,,
Capitol Hotel,"Al Mina Rd, Satwa",Dubai,UAE,33228,04-3460111,,,
Captain Pastry,TCA,Abu Dhabi,UAE,,02-4452995,056-6678194,,
Caramel Restaurant & Lounge,Saadiyat Island,Abu Dhabi,UAE,,02-6783344,,,
Caravan Restaurant,Electra St,Abu Dhabi,UAE,42757,02-6393370,,,
Caribou Coffee,Dubai Mall LG,Dubai,UAE,,04-3399212,,,
Caribou Coffee,Garhoud,Dubai,UAE,,04-2833577,,,
Carlton Tower Hotel,"Creek Side, Baniyas St, Deira",Dubai,UAE,1955,04-2227111,,,
Carnival By Tresind,"Burj Daman Building, DIFC",Dubai,UAE,,04-4218665,,,
Casa De Tapas,Dubai Creek Golf,Dubai,UAE,,04-4161800,,,
Castlerock Restaurant,Hamdan St,Abu Dhabi,UAE,55217,02-6348345,,,
Catch Restaurant & Lounge,"Restaurant Unit 2, Nation Riviera, Nation Towers",Abu Dhabi,UAE,,02-6110909,,,
Cavalli Club,"Farimont Hotel, Shk Zayed Road",Dubai,UAE,,04-3329260,,,
Cedar Lounge,Farimont Bab Al bahr,Abu Dhabi,UAE,,02-6543223,,,
Cettinad Restaurant,Next to Abu Dhabi Flour Mill,Abu Dhabi,UAE,105777,02-6777699,,,
Ceviche,"Emirates Financial Towers, DIFC",Dubai,UAE,,04-3266333,,,
Cha Cha Chai,"Amna Bldg, Near IT Plaza",Dubai,UAE,,04-3263261,050-4453487,,
Chaanakyas Restaurant LLLC,"Food Court, Al Khail Mall, Al Quoz",Dubai,UAE,,04-3306066,,,
Chaavadi Restaurant,"ESBIJ Street, Behind Emirates Islamic Bank, Opp. Royal Ascot Hotel",Dubai,UAE,,04-3595057,055-8780083,,
Chai Chat,,Dubai,UAE,,04-3412331,050-6605689,,
Chamas,"Ground floor, Intercontinental Hotel, Bainuna Street",Abu Dhabi,UAE,,02-6666888,,,
Charleys Grilled Subs,Deira City Center,Dubai,UAE,32674,04-3520500,,,
Chatime,Electra and Salam Intersection,Abu Dhabi,UAE,,050-1275389,,,
Chautari Restaurant,Bur Dubai,Dubai,UAE,242656,04-3571606,056-5080711,,
Chelsea Restaurant LLC,"Yasmin Bldg, Near Cricket Stadium",Sharjah,UAE,,06-5438400,,,
Chennai Restaurant LLC,Abu Shagara,Sharjah,UAE,35172,06-5542288,055-3677350,,
Cherry Blossoms Restaurant LLC,Jebel Ali,Jebel Ali,UAE,4511,04-8847533,,,
Chettinadu City Restaurant,"Near Manama Supermarket, Kalba Rd",Sharjah,UAE,,06-5353596,,,
Chhappan Bhog Restaurant,Salam St,Abu Dhabi,UAE,7789,02-6778864,,,
Chicken Corner,"Al Zahara St, Nasseria",Sharjah,UAE,38426,06-5640070,,,
Chicken Cottage,Jumeirah,Dubai,UAE,,04-4405994,,,
Chicken Express Restaurant LLC,"Bhnd Bank Sedarat Iran, Rolla",Sharjah,UAE,,06-5686969,,,
Chicken Street Cafeteria,"Behind Mashreq Bank, Electra Street",Abu Dhabi,UAE,,02-6794989,055-4883399,,
Chicken Tikka Inn Restaurant,Near Qassimia R/A,Sharjah,UAE,1724,06-5749822,,,
Chicking Fried Chicken,"Century Mall, Deira",Dubai,UAE,87548,04-2967232,,,
Chik Bites Restaurant & Cafe,"Damascus St,",Dubai,UAE,,04-2344994,052-5212137,,
Chin Chin,Dubai Marina,Dubai,UAE,,04-4503543,,,
China Grill,Al Sufouh,Dubai,UAE,,04-5117333,,,
China Park,Al Nahda,Sharjah,UAE,,06-5313900,,,
China Wind Restaurant,"Near Classic Computers, King Faisal Rd",Sharjah,UAE,49816,06-5723052,,,
China Wok Restaurant,"Opp Dubai Grand Hotel, Bhnd Sunrise S/Market",Dubai,UAE,3132,04-2631590,056-4454068,,
Chinchaaus Restaurant,"Amman St, Al Nahda 2",Dubai,UAE,,04-2510011,,,
Chinese Star Restaurant,Al Wahda,Sharjah,UAE,,06-5720898,,,
Chival,The City Walk,Dubai,UAE,,04-4033111,,,
Choice Refreshment and Grills,"Behind ADNOC, Salam Street",Abu Dhabi,UAE,,02-6712151,050-8364765,,
Choice Restaurant,Old Passport Rd,Abu Dhabi,UAE,27207,02-6416587,,,
Choice Restaurant,"Near Gulf Cinema, Al Nakheel",Ras Al Khaimah,UAE,4966,07-2226225,,,
Choices,"Yas Island, Rotana Hotel",Abu Dhabi,UAE,,02-6564000,,,
Chops N Hopes Restaurant,"Behind Mall Of Emirates, Barsha 1",Dubai,UAE,37201,04-3654446,054-7181805,,
Chowking,Al Nahda 2,Dubai,UAE,,04-2382837,,,
Chowking Orient Restaurant,"G-39, Al Ghurair City, Deira",Dubai,UAE,285849,04-2288377,,,
Chuck Wagon Restaurant - Pearl Hotel,Sh Rashid Palace Road,Umm Al Quwain,UAE,887,06-7666678,,,
Cinema New Restaurant,"SEWA Bldg, Near Sharjah Cinema, Al Mina Rd",Sharjah,UAE,167,06-5681006,,,
Cipriani,"Gate Village 10, Building 3, DIFC",Dubai,UAE,,04-3470003,,,
Circo,"Inter Continental, Al Bateen",Abu Dhabi,UAE,,02-6666888,,,
City Burger,Bhnd Al Mariya Cinema,Abu Dhabi,UAE,,02-6716788,,,
City Diamond Restaurant,"Near Super Bonanza Hypermarket, Al Quoz 2",Dubai,UAE,,04-3466617,,,
City Grill Restaurant,"Near Al Fahidi Souq, Street 33, Meena Bazar",Dubai,UAE,,04-3529277,056-8586655,,
City House Restaurant,,Abu Dhabi,UAE,,02-6343060,,,
City King Restaurant,"Behind Lulu Centre, Salam Street",Abu Dhabi,UAE,,02-6778848,056-7033724,,
City Palace Restaurant,Khalifa St,Abu Dhabi,UAE,31912,02-6262762,,,
City Restaurant,Satwa,Dubai,UAE,,04-3312380,,,
Classio Master Restaurant & Cafeteria,"Near Fahidi Metro Station, Musalla",Dubai,UAE,,04-3939732,055-5115772,,
Claw BBQ,Downtown Dubai,Dubai,UAE,,04-4322300,,,
Cleopatra Restaurant - Ana Palace Hotel,"G Flr, Near Sabkha Bus Stn, Deira",Dubai,UAE,28490,04-2258899,,,
Clinton Street Baking Company,Downtown Dubai,Dubai,UAE,,04-4281331,,,
Coastal Butlers Restaurant LLC,Damascus Street,Dubai,UAE,,04-2884428,055-4468227,,
Coco's Restaurant,Jumeirah Beach Residence,Dubai,UAE,32100,04-4243740,,,
Colombo Restaurant,"Morejag New Mosque Rd, National Paint",Sharjah,UAE,70587,055-2912477,,,
Common Grounds,Dubai Marina,Dubai,UAE,,050-4781094,,,
Comptoir 102,Jumeirah Beach Road,Dubai,UAE,,04-3854555,,,
Cook Hall,Al Habtoor City,Dubai,UAE,,04-4373333,,,
Coopers Restaurant,"Park Rotana, Al Matar",Abu Dhabi,UAE,,02-6573333,,,
Corner Cafe,"X2 Tower, Ground Floor",Dubai,UAE,,04-4564984,055-8778176,,
Countryside,"Fakhruddin Executive Building, International City",Dubai,UAE,,800-2686879,,,
Couqley,"Laguna Tower, JLT",Dubai,UAE,,04-5149339,,,
Coya,,Dubai,UAE,,04-3169600,,,
Creek Restaurant,Al Nahda,Sharjah,UAE,,06-5365466,,,
CuiScene,Farimont Bab Al Bahr,Abu Dhabi,UAE,,02-6543238,,,
Culinary Boutique,Jumeirah 1,Dubai,UAE,,04-3450023,,,
Curry Express,"Ramla Mall Food Court, DIP",Jebel Ali,UAE,,04-8847868,,,
"Curry House, The",Electra St,Abu Dhabi,UAE,44251,02-6328860,,,
Curry Leaf,"Al Mussalla Tower, Bur Dubai",Dubai,UAE,,04-3978940,,,
Curry Toast,"opposite BurJuman Centre, Bur Dubai",Dubai,UAE,,04-3547477,,,
D Bar & Grill,Dubai World Trade Centre,Dubai,UAE,,050-7240471,,,
Dai Pai Dong,,Abu Dhabi,UAE,,02-8135552,,,
Dai Shi Dai,"Murjan 1, Jumeirah Beach Residence",Dubai,UAE,,04-4270268,,,
Daily Restaurant,Qusais,Dubai,UAE,32645,04-2673708,,,
Dakshin,"Lotus Hotel, Opp Al Ghurair City",Dubai,UAE,,04-2278888,,,
Dalchini,,Abu Dhabi,UAE,,02-4917977,,,
Dallas Restaurant,"Bin Suloom Bldg, Al Shaab Colony, Deira",Dubai,UAE,83171,04-2691178,,,
Dar Al Mandi Restaurant Kitchen,"Near Al Safa Supermarket, Electra Street",Abu Dhabi,UAE,,02-6330066,056-8360200,,
Dar Ward Restaurant,Al Ittihad Road,Sharjah,UAE,83874,06-5222411,,,
Dasprakash Rest,"Near Day to Day, Karama",Dubai,UAE,111810,04-3965595,,,
Day Fresh Restaurant,"Bhnd Al Moosa Tower, Satwa",Dubai,UAE,205,04-3289488,,,
De La Costa,Saadiyat Island,Abu Dhabi,UAE,,02-6563500,,,
De Thali,Madinat Zayed,Abu Dhabi,UAE,,02-6278644,,,
Dean & Deluca,"Souk Al Bahar, Dubail Mall",Dubai,UAE,,04-4200336,,,
Deena Leena Restaurant,"Opp Concorde Cinema, Al Zahra St",Sharjah,UAE,28390,06-5617161,,,
Delhi Cafeteria,Al Qasimia Street,Sharjah,UAE,,06-5722828,050-2420943,,
Delhi Darbar Bombay Restaurant,"Naif Rd, Deira",Dubai,UAE,34496,04-2356161,,,
Delhi Darbar Restaurant LLC,"Zabeel Rd, Karama",Dubai,UAE,34496,04-3347171,,,
Delhi Karachi Restaurant,National Paints,Sharjah,UAE,,06-5343470,,,
Delhis deli,"Times Square Centre, Sh Zayed Rd",Dubai,UAE,,04-3234844,,,
Delicacy Sweets & Bakers LLC,"Shop 1, Al Nahda 2 building, Baghdad Street",Dubai,UAE,,04-2568664,,,
Delicia Restaurant LLC,"Mussafah 10, Sanayya",Abu Dhabi,UAE,,02-5550071,,,
Delight Calicut LLC,Oasis Center,Dubai,UAE,,04-3466706,,,
Delphine Restaurant & Bar,"The H Dubai, Shk Zayed Road",Dubai,UAE,,04-5018623,,,
Desi Max Restaurant & Sweets LLC,Near Etisalat Office,Dubai,UAE,,80033747,,,
Desl Hut Restaurant,"Behind Grand City Mall, Al Quoz Industrial Area 4",Dubai,UAE,,04-3383283,050-9098139,,
Dhaba Restaurant,"Behind Sunrise Supermarket, Al Qusais",Dubai,UAE,47351,04-2611685,055-8286907,,
Dhe Chef,"Bhnd KM Trdg, Abu Shagara",Sharjah,UAE,,06-5445060,054-4478160,,
Diamond City Restaurant LLC,Mussafah 10,Abu Dhabi,UAE,,02-5553064,,,
Dibba Bakes,Abu Shagara,Sharjah,UAE,,06-5348066,055-8752215,,
Din Tai Fung,Mall Of The Emirates,Dubai,UAE,,04-2651288,,,
Dine At Moonvalley BBQ Restaurant,"18B Street, Behind NBF Bank, Bur Dubai",Dubai,UAE,11893,04-3966412,056-9925992,,
Diplomat Restaurant,"Bhnd Sharjah Water & Elec Dept Bldg, Mina Rd",Sharjah,UAE,2998,06-5696944,,,
Diwan Al Badia,"Al Badia Golf Club, DFC",Dubai,UAE,,04-7011128,,,
Docklands,"Dhow Palace Hotel, Bur Dubai",Dubai,UAE,,04-3599992,,,
Dome Cafe,"Bin Soughat Centre, Rashidiya",Dubai,UAE,6774,04-2844498,,,
Domino's Pizza,"Near Millenium Hotel, Corniche Rd",Sharjah,UAE,,06-5569909,,,
Doner Deli,Opposite Lulu Hypermarket,Dubai,UAE,,800 6936637,,,
Doner Force,"X2 Tower, Lake View, Cluster X",Dubai,UAE,,80036723,,,
Doner Kebab,"Ground Level, SIT Tower,",Dubai,UAE,,04-3207767,056-1013332,,
Dosa Hut Restaurant,Al Manama Hyper Market,Fujairah,UAE,,09-2233474,052-4377155,,
Dragon Bao Bao Cafeteria,"G-1, National Cinema Building, Hamdan Street, Al Markaziya",Abu Dhabi,UAE,,02-6742235,056-6699186,,
Dukkan Falafel,,Jebel Ali,UAE,,04-8876220,,,
Dumpling Queen Restaurant FZCO,Intl City,Dubai,UAE,39398,04-3674558,,,
Dunes Cuisine,"Muhaisnah, Ghusais",Dubai,UAE,,04-2540022,,,
DUO,Jumeirah Beach Residence,Dubai,UAE,,04-4233785,,,
Dustys,DIFC,Dubai,UAE,,04-3545435,,,
DXB Grill,Millennium Airport Hotel,Dubai,UAE,,04-7028888,,,
Dynasty Chinese Restaurant,"Ramada Hotel, Bur Dubai",Dubai,UAE,,04-3519999,,,
E T Sushi,"Ground Floor, Jumeirah Emirates Tower Hotel, Sheikh Zyed Road",Dubai,UAE,72127,04-3198088,,,
Eagle Restaurant,"Near Abu Hail Pharmacy, Hor Al Anz, Deira",Dubai,UAE,10349,04-2694997,,,
Eastern Food Restaurant,Al Qusais,Dubai,UAE,235071,04-2671045,,,
Eat & Treat Restaurant LLC,Ras Al Khor,Dubai,UAE,29417,04-3334275,,,
Eat and Drink Group of Restaurants,"Khaleefa Bin Din Bldg, Near Bus Station, Satwa",Dubai,UAE,65892,04-3496003,,,
Eat Greek,JBR,Dubai,UAE,,04-4305249,,,
Eat Max Cafeteria,"Behind Emax, Salim Bin Omar Street",Sharjah,UAE,,06-5538706,055-9454476,,
Eat n Joy Restaurant & Cafeteria,"Behind BHS, Hamdan Street",Abu Dhabi,UAE,,02-6322216,050-1325032,,
Eat Route,"Opposite Tasheel, King Abdul Azizi Street",Sharjah,UAE,,06-5440676,056-2931779,,
Eataly,Dubai Mall,Dubai,UAE,,04-3308899,,,
Eclipse Bar,"Intercontinental Hotel, Dubai Festival City",Dubai,UAE,,04-7011111,,,
Elco Restaurants,"Shop 7, Al Arti Bldg, Zabeel Rd,",Dubai,UAE,115719,04-3972787,04-3972788,,
Eldorado Restaurant,Electra St,Abu Dhabi,UAE,,02-6761848,,,
Elevation Burger,"Latifa Tower, Near Crown Plaza, Shk Zayed Road",Dubai,UAE,,04-3880000,,,
Elia Greek Restaurant,"Majestic Hotel Tower, Bur Dubai",Dubai,UAE,,04-3598888,,,
Eloquent Elephant,"Taj Dubai, Business Bay",Dubai,UAE,,04-4383100,,,
Em Sherif,Downtown Dubai,Dubai,UAE,,04-4243000,,,
Ember,"Dubai Mall, Downtown Dubai",Dubai,UAE,,04-4388999,,,
Emirates Restaurant,"Near Alico Aluminium Co, BMW Rd, Indl Area 2",Sharjah,UAE,36247,06-5338200,,,
Emly Chilli,Al Nahda 1,Dubai,UAE,,04-2837474,,,
Entrecote - Al Khaleej Palace Hotel,"Near Etisalat, Maktoum St, Deira",Dubai,UAE,3720,04-2231000,,,
Epicure,"Deser Palm Hotel, Al Awir Road",Dubai,UAE,,04-3238888,,,
Ethio Habasha Restaurant,Muroor Rd,Abu Dhabi,UAE,,02-4436013,,,
Everest Restaurant,Al Esbij Street,Dubai,UAE,,04-3550707,056-7108378,,
Exotic Restaurant,Karama,Dubai,UAE,123375,04-3965557,,,
Exzotica Restaurant,"Near Lotus Boutique Hotel, Al Baraha, Deira",Dubai,UAE,20058,04-2719196,,,
Faaz Al Majaz Restaurant & Cafeteria,"Behind City Max Hotel, Near Big Bazar Hypermarket",Sharjah,UAE,,06-5220096,055-4667235,,
Fahid Restaurent,,Dubai,UAE,,04-2260871,,,
Fairways International,"The Westin Abu Dhabi Golf Resort & Spa, Khalifa City",Abu Dhabi,UAE,,02-6169999,,,
Falafel and Shawarma Cafe,"Opp Centrepoint, Karama",Dubai,UAE,,04-3968301,056-7725454,,
Falafel Express Restaurant,Dubai Marina,Dubai,UAE,,04-4257711,,,
Falafel Zaman,"Behind Ramada Hotel, Al Barsha",Dubai,UAE,,04-4226131,052-6930185,,
Falla Juice & Snacks,"Jumeirah St, Umm Suqeim 2",Dubai,UAE,,800-32552,,,
Family Palace Restaurant LLC,"Opp Oasis Water, National Paints R/A, Kalba Rd",Sharjah,UAE,95368,06-5358335,,,
Famous Dave's,"Level 3, Abu Dhabi Mall",Abu Dhabi,UAE,,02-6587863,,,
Fanr Restaurant,Saadiyat Island,Abu Dhabi,UAE,,02-6575888,,,
Fantastic Fresh Food Trading LLC,Hor Al Anz,Dubai,UAE,24269,04-2339114,,,
Fantastico Cafe LLC,"Mazaya Centre, Sh Zayed Rd",Dubai,UAE,114820,04-3434214,,,
Fantasy Restaurant,Deira,Dubai,UAE,29134,04-2688288,,,
Faragalla Cafe,Oud Metha Road,Dubai,UAE,,056-4334701,,,
Fareehan Refreshment,"Behind KM Trading, Salam Street",Abu Dhabi,UAE,,02-6774447,055-1100954,,
Farhat Restaurant,Al Qasimiah,Sharjah,UAE,29373,06-5669660,,,
Fatah Sanobir Restaurant,"203, Dar Al Wuhaida building, Hor Al Anz, Deira",Dubai,UAE,50715,04-2692334,,,
FatBurger,"Ground Floor, Mall of the Emirates",Dubai,UAE,,04-3477913,,,
Fathima Trading and Catering Co,"Near ADCB, Airport Rd",Abu Dhabi,UAE,4710,02-4433490,,,
Fatima House Restaurant,"Al Musalla Rd, Deira",Dubai,UAE,45763,04-3976720,,,
Feast,"Sheraton Grand Hotel, Shk Zayed Road",Dubai,UAE,,04-5034444,,,
Feri Kasif Theroom Restaurant,"Diamond 4 Bldg, Near Marina Mall, Dubai Marina",Dubai,UAE,,04-4572919,,,
Fibber Magee's,"Bhnd Saeed Tower 1, Sh Zayed Rd",Dubai,UAE,115944,04-3322400,,,
Fiesta Restaurant,"Bhnd NMC Hospital, Al Nahda 2",Dubai,UAE,,04-2206444,050-2814455,,
Filini,Radisson Blu Hotel,Abu Dhabi,UAE,,02-6562000,,,
Filli,Al Mamzar Corniche,Dubai,UAE,,04-2387169,055-7199280,,
Finz,"Beach Rotana, Al Zahiyah",Abu Dhabi,UAE,,02-6979350,,,
Firebird Dinner,"Four Seasons Hotel, DIFC",Dubai,UAE,,04-5060000,,,
Fish Dubai,"Le Meridian, Mina Seyahi",Dubai,UAE,,04-5117139,,,
Fish Market Restaurant,Al Wahda St,Sharjah,UAE,,06-5397667,,,
"Fish N Chips Room, The","Murjan Tower, Jumeirah Beach Res",Dubai,UAE,66413,04-4270443,,,
Fish World,"3rd Flr, Food Court, Burjuman Centre, Bur Dubai",Dubai,UAE,26570,04-3514774,,,
Fishmarket - Inter-Continental Abu Dhabi,"Hotel Intercontinental Abu Dhabi, Khalidya",Abu Dhabi,UAE,4171,02-6666888,,,
Five Guys Burger,Dubai Mall,Dubai,UAE,,04-3804117,,,
Flame & Bake,Next To Hollywood Magic,Abu Dhabi,UAE,,600565564,02-6817747,,
Flavours - Sheraton,"Near Corniche Hospital, Corniche Rd",Abu Dhabi,UAE,640,02-6773333,,,
Flavours On Two,"Towers Rotana, Shk Zayed Road",Dubai,UAE,,04-3438000,,,
Flooka,Dubai Marine Beach Resort,Dubai,UAE,,04-3461111,,,
Food & Life Global Flavours,Bur Dubai,Dubai,UAE,116357,04-3599775,,,
Food City Restaurant LLC,Al Muroor,Abu Dhabi,UAE,109770,02-4488640,,,
Food Mountain Restaurant,"Behind Adnoc Petrol Station, Najda Street",Abu Dhabi,UAE,,056-2090767,,,
Food Palace Restaurant,Khalifa Str,Abu Dhabi,UAE,105912,02-6270080,,,
Food Park City Restaurant,Al Nahda,Sharjah,UAE,,06-5544757,,,
Food Village Restaurant LLC,"Amman St, Al nahda 1",Dubai,UAE,237882,04-2398502,,,
Foodlands Restaurant LLC,Airport Rd,Abu Dhabi,UAE,200,02-6330099,,,
Fort Kochi Restaurant,Next To EPPCO Petrol Station,Dubai,UAE,,04-2575020,055-3411011,,
Fountain Cafe Restaurant,Shk Zayed Rd,Dubai,UAE,36853,04-3311502,,,
Four Friends Restaurants,"Opp ADCB, Meena Rd",Sharjah,UAE,70886,06-5628121,,,
Four Season Restaurant,Al Barsha,Dubai,UAE,,04-3255444,,,
Francesco Pizzeria Restaurant,"G Flr, Al Khaleej Centre, Bur Dubai",Dubai,UAE,43383,04-3522766,,,
Frankies Italian Restaurant & Grill,Farimont Bab Al Bahr,Abu Dhabi,UAE,,02-6543333,,,
Fresh & Easy (The Barakat Shop),"Jumeirah Road, Opposite City Bank",Dubai,UAE,,04-2272528,,,
Fresh & More Cafeteria & Grill,Khalifa 11,Abu Dhabi,UAE,,02-5521199,,,
Friday's,,Dubai,UAE,,600-523334,,,
Frutti Juice,Near Lighthouse Community Psychological Clinic,Dubai,UAE,,04-3284371,,,
Fusion Caffe LLC,,Abu Dhabi,UAE,62920,02-4058678,,,
Fusion of Flavors Restaurant,"Damascus St, Al Qusais",Dubai,UAE,,04-2678056,,,
Futue Stra Restaurant & Cafeteria,Al Nahda 1,Dubai,UAE,96703,04-2676986,,,
Future Star Restaurant,"Opp Buhari Masjid, Bhnd NMC , Al Nahda 1",Dubai,UAE,96703,04-2676986,055-3569068,,
GAD Group Of Restaurants,TCA,Abu Dhabi,UAE,,02-6451699,,,
Gafoorkas Thattukada Restaurant,"Opp Lulu Village, Near Emarat Petrol Station, Muhaisnah",Dubai,UAE,,04-2511713,050-7191166,,
Galito's,"E 278-279 - 2nd Floor Extension, Al Wahda Mall",Abu Dhabi,UAE,,02-6438221,050-1118971,,
Garden Side Refreshments,Behind Al Salama Hospital,Abu Dhabi,UAE,,02-6763626,055-9629197,,
Gate of Karama Restaurant,Karama,Dubai,UAE,6319,04-3374222,,,
Gazebo Restaurant,DIFC,Dubai,UAE,281066,04-3585550,,,
Geddy,Barsha,Dubai,UAE,,,,,
Generous Vistors Restaurent,"Naif Rd, Deira",Dubai,UAE,,04-2712262,,,
Genghis Grill,"Level 2, Al Wahda Mall Extension",Abu Dhabi,UAE,33779,02-6156039,,,
Ghoroob Al Shams Restaurant,Al Nahda 2,Dubai,UAE,,04-2206868,,,
Ghuloom Shahdad Restaurant,Bur Dubai,Dubai,UAE,,04-3935186,055-8218959,,
Gillys Restaurant,Behind Fresh & More Supermarket,Abu Dhabi,UAE,,02-6712050,050-8644909,,
Ginny's Restaurant and Confectionery,"9, Al Zara Bldg, Khalid Bin Walid St, Bur Dubai",Dubai,UAE,51043,04-3931876,,,
Giornotte,"Ritz Carlton, Al Maqta",Abu Dhabi,UAE,,02-8188888,,,
Go Thai,"Talal Belhoul Building, Opp NMC Hosp, Bhnd Sahara Centre, Al Nahda",Dubai,UAE,20199,04-2506111,052-9866084,,
Goa Coastal Curries,"Near Dubai Islamic Bank, Karama",Dubai,UAE,,04-3795238,,,
Golden Burger Restaurant and Internet Cafe,"Abraj Centre, Sabakha Bus Stand, Deira",Dubai,UAE,11311,04-2277941,,,
Golden Chariot Confectionery,"Near Grand Hotel, Al Qusais",Dubai,UAE,48300,04-2582050,050-3988826,,
Golden Crown Restaurant,Hamdan St,Abu Dhabi,UAE,73145,02-6772828,,,
Golden Dragon Restaurant,"Trade Centre Road, Karama",Dubai,UAE,2044,04-3967788,,,
Golden Fork Group,"Al Owasis Bldg, Al Rigga Rd",Dubai,UAE,13951,04-2239233,,,
Golden Jabal Al Noor Fast Food LLC,"Near Canadian Hosp, Mamzar Centre",Dubai,UAE,,04-2692979,050-5001349,,
Golden Palace Mandi Restaurant,"Bhnd NMC Hosp, Al Nahda 2",Dubai,UAE,192078,04-2380049,058-8170900,,
Golden Seashell LLC,Satwa,Dubai,UAE,,04-3989920,,,
Golden Spoon Vegetarian Restaurant,Madinat Zayed,Abu Dhabi,UAE,43750,02-6337155,,,
Golestan Restaurant,Deira,Dubai,UAE,65653,04-2828007,,,
Govindas Garden Restaurant LLC,"Beach Road, Jumeirah",Dubai,UAE,30985,04-3211884,050-5649227,,
Govindas Restaurant (LLC),Karama,Dubai,UAE,30985,04-3960088,,,
Grand Abu Shakra Rest and Cafe,"Al Maktoum St, Deira",Dubai,UAE,119943,04-2229900,,,
"Grand Buffet Restaurant, The",Al Wahda St,Sharjah,UAE,4561,06-5328000,,,
Grand Cafe Boulevard,Downtown,Dubai,UAE,,04-4579944,,,
Grand Central Restaurant,Muroor Street,Abu Dhabi,UAE,,02-6426499,,,
Grand Restaurant,,Sharjah,UAE,,06-5652080,,,
Grecian Grill Restaurant,,Dubai,UAE,500003,04-5531335,,,
Green Chillies Restaurant,Discovery Gardens,Dubai,UAE,,04-4456789,,,
Green Lagoon Restaurant,"Opp Citymax, Barsha 1",Dubai,UAE,,04-3792440,050-8314900,,
Green Leaf International Restaurant,"Al Noor Building, Behind Sahara Center",Dubai,UAE,,04-2560066,052-9264719,,
Green Leaf Restaurant,"Behind Emirates NBD, Near Colours Hyper Market",Abu Dhabi,UAE,,02-3048155,,,
Green Leaves Restaurant,Discovery Garden,Dubai,UAE,,04-8877866,,,
Green Pepper Restaurant,"Opp Enoc Staff Accomodation, Al Quoz Indl Area 2",Dubai,UAE,,04-3416003,055-3089030,,
Green Place Restaurent,Karama,Dubai,UAE,,04-3967909,,,
Green Sea Hotel,Deira,Dubai,UAE,87565,04-2255518,,,
Green Valley Cafeteria and Restaurant,"Opp Central Bank, Kalba Rd",Fujairah,UAE,1875,09-2224929,,,
Grill O,Dubai Silicon Oasis,Dubai,UAE,,04-3255990,,,
Gulf Coast RVs,"Near The Infiniti Center, Sh Zayed Rd",Dubai,UAE,643982,04-3805454,,,
Gulf Light Cafeteria,"Bhnd Aramex, Abu Shagara",Sharjah,UAE,,06-5599747,050-1108848,,
Gulf Pastry,Al Satwa,Dubai,UAE,,04-3323339,,,
Habtoor Grand Resort and Spa,"Near Royal Le Meridien, I/Change 5, Jumeirah Beach",Dubai,UAE,24454,04-3995000,,,
Haddad Hydrabad Restaurent,"Ground Floor, Buldg#5, Damascus Road, Al Qusais",Dubai,UAE,,04-2635926,,,
Hafidh Mohd Restaurent,,Dubai,UAE,,04-2682617,,,
Haji Ali Star Cafe,Al Nahda 2,Dubai,UAE,,04-2207799,055-5383213,,
Haji Sahab Restaurant,"1 B, Discovery Gardens",Dubai,UAE,,04-4279602,,,
Hanoi,Khalifa St,Abu Dhabi,UAE,,02-6261112,,,
Hapi Cafe,Al Quoz,Dubai,UAE,,04-2251807,,,
Happy Malabar Cafe & Restaurant,"Near Karachi Darbar, Satwa",Dubai,UAE,,04-3234322,052-4900386,,
Haram Restaurant,Near Satwa Bus Stand,Dubai,UAE,,04-3317799,,,
Hard Walls,Corniche Rd,Abu Dhabi,UAE,43695,02-6814200,,,
Hari Restaurant,"Opp Liberty S/Room, New Double Cola Rd",Sharjah,UAE,28650,06-5338414,,,
Haseen Rest and Mini Market,"R/A 8, Jebel Ali Free Zone",Jebel Ali,UAE,2316,04-8839944,,,
Haseen Restaurant,Jebel Ali Free Zone,Dubai,UAE,,04-8839955,,,
Hatam Al Taai Restaurant,"Baniyas Sq, Opp Kuwaiti S/M, Deira",Dubai,UAE,1026,04-2247776,,,
Hatta Fort Hotel,"Oman-Hatta Main Highway, Resort Area",Dubai,UAE,9277,04-8523211,,,
Haunters Room & Grill,"Western Mina Seyahi, Al Soufouh Rd, Dubai Marina",Dubai,UAE,,04-3994141,,,
Havana Group,Hamdan Street,Abu Dhabi,UAE,33066,02-6724400,,,
Hayat Sweets,"Near Russian Embassy, Hamdan Street",Abu Dhabi,UAE,,02-6661590,,,
Hayath Restaurant,Dibba,Fujairah,UAE,11401,09-2443282,,,
Heroes Restaurant,Crown Plaza,Abu Dhabi,UAE,,02-6166132,,,
Hiccup,"Fotouh Al Khair Centre, Al Markaziyah",Abu Dhabi,UAE,,02-6315111,,,
Himalaya Restaurent,Deria -Naif Road,Dubai,UAE,,04-2252293,,,
Hobaita Restaurent,"Naif Rd, Deira",Dubai,UAE,,04-2223749,,,
Home Foods Restaurant,"Karama Centre, Opp Dubai Municipality, Karama",Dubai,UAE,165,04-3979910,,,
Hot Burger Restaurant,"Near Abu Shagara Park, Abu Shagara",Sharjah,UAE,,06-5557800,055-9788931,,
Hot Food Restaurant & Catering,Mussafah 11,Abu Dhabi,UAE,,02-5520500,,,
Hum Yum Restaurant,"Lighthouse Community Psychological Clinic, Jumeira Beach Road",Dubai,UAE,,04-3883332,,,
Humpty Dumpty Restaurant LLC,"Opp Burjuman Business Towers, Near FNS Cafe, Karama",Dubai,UAE,,04-3995786,056-8853308,,
Hyderabad Star Restaurant,"Near Etisalat, Electra Street",Abu Dhabi,UAE,35004,02-6352622,050-2380107,,
Hyson Restaurent,Satwa,Dubai,UAE,,04-3291100,,,
Hyu Korean Restaurant,Oud Metha,Dubai,UAE,,04-3344294,,,
Ibn Al Badiya Restaurant,,Abu Dhabi,UAE,,02-6414478,,,
Ibn Hamido Seafood Restaurant,Al Barsha,Dubai,UAE,,04-3958599,,,
Ice & Spice,"Near Sunrise Supermarket, Karama",Dubai,UAE,,04-3355922,050-9456999,,
Icon Bar,"Raddison Blue Hotel, Media City",Dubai,UAE,,04-3669111,,,
Imperial Dragon Restaurant,"Imperial Suite Hotel Apts, Al Rolla Rd, Bur Dubai",Dubai,UAE,26913,04-3552028,,,
Inakaya,Khor Al Maqta,Abu Dhabi,UAE,,02-4041921,,,
Index Hotel,"G Flr, Zarwani Bldg, Sabakha Rd, Deira",Dubai,UAE,40994,04-2291555,,,
India House Restaurant,"Bhnd Mashreqbank, Opp Immigration Office, Immigration Rd",Sharjah,UAE,38423,06-5738880,,,
India Palace Authentic Indian Cuisine,Safeer Mall,Sharjah,UAE,,06-5374331,,,
India Palace Restaurant,Garhoud,Dubai,UAE,26016,04-2869600,,,
Indian By Nature Vegetarian Restaurant,"Near National Hospital, Najda Street",Abu Dhabi,UAE,,02-6677898,056-5511066,,
Indigo Restaurant,"Beach Rotana, Al Zahiyah",Abu Dhabi,UAE,,02-6979334,02-6979000,,
Intercat Trading Company LLC,Karama,Dubai,UAE,52044,04-3345212,,,
Iqbal Restaurant,Hamdan St,Abu Dhabi,UAE,46695,02-6727224,,,
Iran Zamin Restaurant,"Sheikh Mohammed Bin Boulevard Centre, Downtown",Dubai,UAE,42317,04-4476655,,,
Irish Village,Garhoud,Dubai,UAE,,04-2824750,,,
Isfahan Night Restaurant,Old Airport Rd,Abu Dhabi,UAE,32890,02-4466122,,,
Isfahan Restaurant,"Near Sharjah Cinema, Mina St",Sharjah,UAE,4441,06-5697727,,,
Istanboul Flower Restaurant & Cafeteria,Shk Zayed Rd,Dubai,UAE,72730,04-3434585,,,
Istanbouli Restaurant,,Abu Dhabi,UAE,,02-6212557,,,
Istanbul Flower Restaurant and Cafeteria,"64, Food Court, Al Razi Bldg, DHCC",Dubai,UAE,72730,04-4495330,,,
ITC Restaurant,"Gate Building, Near to Burj 2000 Bldg, Rolla",Sharjah,UAE,,06-5635017,,,
Its Malabar Restaurant LLC,"Baghdad St, Al Qusais",Dubai,UAE,239287,04-2520004,050-5832495,,
Itsu,"Emaar Building, Near Spinneys, Marina Walk",Dubai,UAE,,04-3626351,,,
Jaam E Jam Restaurant & Cafe,Jumeira 1,Dubai,UAE,51777,04-3441717,,,
Jabal Al Noor Cafeteria & Restaurant,"Mai Tower, Near Lulu Hypermarket, Al Nahda",Dubai,UAE,,04-2963330,055-4431181,,
Jabal Al Rahma Cafeteria & Restaurant,Hor Al Anz,Dubai,UAE,,04-2970447,,,
Jabal Safad Restaurant and Cafeteria,Opp Madina S/Market,Fujairah,UAE,3796,09-2242088,,,
Jacky's Star Restaurant,"Damascus St, Al Qusais",Dubai,UAE,,04-2582400,,,
Jafary Hotel,Electra St,Abu Dhabi,UAE,3987,02-6332728,,,
Jaipur Restaurant,Burj Khalifa,Dubai,UAE,20899,04-4226767,,,
Japengo Cafe,The Dubai Mall,Dubai,UAE,,04-4341433,,,
Jar Al Qamar Restaurant,Etisalat Rd,Abu Dhabi,UAE,,02-2222770,,,
Jedoudna Restaurant,"Shop No. 12, Rimal Hotel, JBR",Dubai,UAE,,04-4230766,,,
Jesir Al Madinah Cafeteria,"Near Al Manama Hypermarket, Opposite Traffic Police Office",Sharjah,UAE,46528,06-5480426,052-3013046,,
Jetty Lounge,"One & Only Royal Mirage, Sufouh",Dubai,UAE,,04-3999999,,,
Jharokha Indian & Chinese Restaurant,"Shop 15, Jumeirah Bay Tower, X2, JLT",Dubai,UAE,,04-3619601,,,
Jimma Cafe,Deira,Dubai,UAE,,04-2717610,,,
Jims Kitchen Table,Masdar City,Abu Dhabi,UAE,,02-4919401,,,
Jing Asia,"Crowne Plaza, Abu Dhabi Yas Island",Abu Dhabi,UAE,,02-6563000,,,
Jodha Akbar Restaurant,"225, Jumeirah St., Umm Suqeim 1",Dubai,UAE,,04-3308863,050-6950629,,
Johar Restaurant,"Al Fahidi St, Bur Dubai",Dubai,UAE,12516,04-3523509,,,
Jouharat Al Arab Refreshment,Khalidia St,Abu Dhabi,UAE,75256,02-6665141,,,
Juice World,"Near Al Rigga MS, Al Rigga St, Deira",Dubai,UAE,184934,04-2999465,,,
Jumeira Falcon Cafeteria & Restaurant,"Al Baraka Masjid Bldg, Near Irani Hospital, Jumeirah 1",Dubai,UAE,,04-3455540,,,
Just Falafel,Hamdan St,Abu Dhabi,UAE,,02-6262099,,,
K & K Restaurant,Ras Al Khor,Dubai,UAE,65892,04-2896785,,,
Kabab Erbil Iraqi Restaurant,Al Rigga,Dubai,UAE,,04-2691722,,,
Kabab House,"Near Dubai Hosp, Al Khaleej St, Deira",Dubai,UAE,,04-2699980,050-6756556,,
Kabab Rolls,Khalidiya Mall,Abu Dhabi,UAE,,02-6390089,,,
Kabab Rolls Al Barsha Restaurant LLC,"Shop 2, Barsha Business Square, Al Barsha 1",Dubai,UAE,391143,04-3256166,050-5659389,,
Kababi Restaurant,"Next to Emirates NBD, Opposite Dubai Zoo, Jumeirah Beach Road, Jumeirah 1",Dubai,UAE,,04-3435910,056-1556270,,
Kababs & Kurries,"The Souk, Central Market",Abu Dhabi,UAE,,02-6882522,,,
Kabul Darbar Restaurant,"Naif Rd, Deira",Dubai,UAE,,04-2394445,052-8999191,,
Kaffa Beans,Dubai Silicon Oasis,Dubai,UAE,,04-3312204,052-3876140,,
Kairali Restaurant,"Al Rayan Hotel Bldg, Abubaker Al Siddiq St, Al Nakheel",Ajman,UAE,4895,06-7457676,,,
Kalispera Cafe,Defense Rd,Abu Dhabi,UAE,106854,02-6418283,,,
Kamat,"Ground Level, Bay Avenue, Executive Towers G, Business Bay",Dubai,UAE,28106,04-4535471,,,
Kanzaman Restaurant,Al Shindaga Heritage Village,Dubai,UAE,111488,04-3342243,,,
Karachi Golden Restaurant & Cafeteria,Bhnd Hor Al Anz Park,Dubai,UAE,,04-2689100,,,
Karachi Inn Restaurant LLC,,Dubai,UAE,,04-3598200,,,
Karachi Restaurant,Al Qusais Indl Area 3,Dubai,UAE,6120,04-2673131,,,
Karaikudi Aachi Restaurant & Sweets LLC,"Shop 1, Al Fahidi Souq, Bur Dubai",Dubai,UAE,242927,04-3231346,055-1346057,,
Karak Time Cafeteria,"Bhnd NMC Hosp, Al Nahda 2, Al Qusais",Dubai,UAE,,04-2588844,050-3000865,,
Kashmir Palace Restaurant,"Hamdan Colony, Karama",Dubai,UAE,32765,04-3963086,,,
Kashmir Restaurant,King Faisal R/A,Sharjah,UAE,5617,06-5335861,,,
Kayal Star Restaurant LLC,Al Qusais,Dubai,UAE,237876,04-2392891,,,
Kerala Castle Restaurant,"Near NMC Hosp, Amman Rd, Al Nahda 2",Dubai,UAE,,04-2390740,056-9705294,,
Kerala Kitchen,"Between Sana Fashion & Lulu Hypermarket, Karama",Dubai,UAE,,04-3376406,,,
Kerala Palace Restaurant,"Near Macro S/Market, J & P R/A, Cricket Stadium Rd",Sharjah,UAE,150020,06-5433220,,,
Khairat Al Madinah Restaurant,"Bhnd Citymax, Abu Shagara",Sharjah,UAE,,06-5500095,055-4700188,,
Khalfan Al Jalaf Restaurant,"Al Shaab Colony, Deira",Dubai,UAE,1453,04-2626792,,,
Khan's Dastarkhwan,Al Qusais,Dubai,UAE,,04-2585900,,,
Khanji Restaurant,"Behind Al Masah Crystal, Al Wahda Road, Abu Shagara",Sharjah,UAE,,06-5770177,056-1672353,,
Khater Mirch Masala Restaurant LLC,Karama,Dubai,UAE,114545,04-3344334,,,
Khazana,"Bhnd American Hospital, Oud Metha Rd",Dubai,UAE,25579,04-3360061,,,
Khebz and Meleh Restaurent,Tawwon,Sharjah,UAE,,06-5255262,056-7173371,,
Khoory Kabab Restaurant,"Near Al Manar Hotel, Behind Abjar Grand Hotel, Abu Hail",Dubai,UAE,,04-2666322,050-9438787,,
King Chef Restaurant,"Near Al Shirawi Ent, Noor Islamic Metro Station, Al Quoz",Dubai,UAE,,04-3466262,,,
King Karak Cafe,"Behind Honda Showroom, Electra Street",Abu Dhabi,UAE,,02-6674752,058-2825149,,
King Mindi,Airport Rd,Abu Dhabi,UAE,,02-6437723,,,
Kisaku,"Al Khaleej Palace Hotel, Near Etisalat Bldg, Al Maktoum Rd",Dubai,UAE,3720,04-223100,,,
Kobe Sizzlers,"Office 2, The Code Building, Sheikh Khalifa Bin Zayed Street, Opposite Burjuman",Dubai,UAE,554509,04-2555816,050-9153243,,
Kohat Restaurant LLC,Muroor Rd,Abu Dhabi,UAE,26952,02-4485502,,,
Koi Japanese Restaurant,"The Collection, Saadiyat Island",Abu Dhabi,UAE,,02-6783334,,,
Kolkata Rolls N' Kababs,"G Flr, Block L, Opp Parking Area, Karama Souq",Dubai,UAE,81445,04-3796667,,,
Komedor Restaurant LLC,"Shop 1, Lahej Building, Karama",Dubai,UAE,,04-3940007,052-1334377,,
Konkans Restaurant LLC,"Behind Sultan Bakeries, Najda Street",Abu Dhabi,UAE,51887,02-6760588,,,
Kosebasi,"JBR, JBR",Dubai,UAE,,04-4393788,,,
Kozhikode Star Restaurant LLC,Deira,Dubai,UAE,,04-2224650,050-7020287,,
Krispy Kreme Doughnuts,,Sharjah,UAE,,600-525556,,,
Kulcha King,"Meena Bazar, Bur Dubai",Dubai,UAE,,800 585242,,,
Kumarakom Restaurant,"Al Mansour Bldg, Near Dubai Residential Oasis, Al Qusais",Dubai,UAE,,04-2205858,,,
Kuwaiti Restaurant,Dibba Al Hassan,Fujairah,UAE,12068,09-2443599,,,
La Brioche,Marina Mall,Abu Dhabi,UAE,,02-6815531,,,
La Fontana Cafe,Hamdan St,Abu Dhabi,UAE,47838,02-6779500,,,
La Mamma,Sheraton. Al Markaziyah,Abu Dhabi,UAE,,02-6970238,,,
La Parilla,Jumeirah Beach Hotel,Dubai,UAE,,04-3480000,,,
La Piazza/Coffee Shop - Sands Hotel,"Near Emirates Gen Market, Electra St",Abu Dhabi,UAE,32430,02-6335335,,,
La Rosa Restaurant and Cafe,"Al Zarooni Building, Near Al Rigga Metro Station, Al Rigga",Dubai,UAE,1164,04-2278483,056-6901680,,
Labour Power Restaurant,"Near Grand Mini Mall, Jebel Ali Indl Area 2",Jebel Ali,UAE,,04-8804993,,,
Lafayette Gourmet,The Dubai Mall,Dubai,UAE,,04-3399933,,,
Laffah Restaurant,Qasba,Sharjah,UAE,,06-5569877,055-1493022,,
Lahori Darbar Restaurant,Al Quoz Industrial Area 2,Dubai,UAE,393878,04-3412125,055-9787855,,
Lahori Pakwan Restaurant,"Opp Al Baraha Mobile Market, Deira",Dubai,UAE,,04-2727065,,,
Laibense Cafe,"Al Rigga Rd, Deira",Dubai,UAE,183721,04-2943278,,,
Lamagon Restaurants And Sweets,Mamzar,Dubai,UAE,,04-2525252,,,
Lanah Restaurant & Caf LLC,Sh Zayed Rd,Dubai,UAE,,04-3250046,,,
Landmark Restaurant,"Malmas Al Madeena H/M Bldg, Near Parco, Jebel Ali Indl Area 2",Jebel Ali,UAE,,04-8840430,,,
Layali,Tilal Liwa Hotel,Abu Dhabi,UAE,,02-8946111,,,
Layali Al Shaam Restaurant,TCA,Abu Dhabi,UAE,,02-6741337,,,
Layaly Iskandaria,"Opp Baby Shop, Al Qassimia St",Sharjah,UAE,68573,06-5663610,,,
Lazeez Indian Cuisine,Hamdan Bin Mohamed Street,Abu Dhabi,UAE,109189,02-6777070,,,
Le Beaujolais,Hamdan Street,Abu Dhabi,UAE,,02-6333555,,,
Lebanese Mill Restaurant,Passport Road,Abu Dhabi,UAE,,02-6419996,,,
Lebanese Roaster,"G Flr, Al Futtaim Bldg, Opp Deira Water Tank, Deira",Dubai,UAE,,04-2285905,,,
Leila Restaurant,Mirdif City Centre,Dubai,UAE,,056-1880045,,,
Lemongrass,Mushrif Mall,Abu Dhabi,UAE,,02-6500205,,,
Leopolds Of London,Maryah Island,Abu Dhabi,UAE,,02-6654776,,,
Li Beirut,"Jumeirah Al Etihad Towers, Al Khubeirah",Abu Dhabi,UAE,,02-8115555,,,
Li Jiang,"Ritz Carlton, Khor Al Maqta",Abu Dhabi,UAE,,02-8188282,,,
Lifestyle Family Restaurant,"Al Ahli House - 4, Qusais",Dubai,UAE,,04-2589940,,,
Light Food Retaurant And Cafeteria,"Near New Burjuman Centre, Bhnd Iranian School, Karama",Dubai,UAE,,04-3963562,055-6226125,,
Light Star Cafeteria,"Near Palm Beach Hotel, Bur Dubai",Dubai,UAE,,04-3554121,055-3352290,,
Little Manila Restaurant,,Dubai,UAE,,800 626452,,,
Lolas Best Restaurant,Jafliya,Dubai,UAE,,04-3989193,,,
London Fish & Chips,Mirdif City Centre,Dubai,UAE,,800 566366,,,
Lubna Restaurant,"Bhnd National Bank Of Dubai, Near Astoria, Meena Bazar, Bur Dubai",Dubai,UAE,45595,04-3550498,055-3274228,,
Luciano,Dubai Marina,Dubai,UAE,,04-3995000,,,
Luna Restaurant and Coffee Shop,Madhab Area,Fujairah,UAE,206,09-2233800,,,
Lyari Darbar Restaurant,"Al Amal Building, Opp Old Labour Office, Near Mamzar Centre, Abu Hail",Dubai,UAE,,04-2667767,050-1818177,,
Madeena Restaurant,Mussafah,Abu Dhabi,UAE,8586,02-5553727,,,
Madeenat Haridwar Restaurant LLC,"Near Mobaila Roundabout, Qassimiya Street, Yarmook",Sharjah,UAE,,06-5542929,,,
Madina Flowers Restaurant,"Between Lal's S/Market & Iranian Hospital, Satwa",Dubai,UAE,23118,04-3497126,,,
Madina Islamabad Restaurant,Abu Shagara,Sharjah,UAE,,06-5598846,055-7807047,,
Madinat Salwa Restaurant,"Opp Zulekha Hospital, Al Butina",Sharjah,UAE,,06-5212042,,,
Madras Star Vegetarian Restaurant,Deira,Dubai,UAE,,04-2660043,,,
Madras Vegetarian Restaurant LLC,"Near Abu Hail Metro Station, Deira",Dubai,UAE,,04-2691147,,,
Madurai Restaurant LLC,Hamdan St,Abu Dhabi,UAE,127473,02-6724257,,,
Magic Fork Restaurant,Karama,Dubai,UAE,50253,04-3972424,,,
Maharaja Palace,Muroor Rd,Abu Dhabi,UAE,,02-6429888,,,
Maharath Cafeteria,"Bhnd Mubarak Centre, Near Al Zarka Hotel, Al Nabba St",Sharjah,UAE,,06-5636774,,,
Mahe Restaurant,"Bhnd Naif Park, Naif Rd, Deira",Dubai,UAE,4751,04-2213623,,,
Mahesh Restaurant,Karama,Dubai,UAE,,04-3968087,,,
Mahroof Restaurant,Khalifa St,Abu Dhabi,UAE,25708,02-6275947,,,
Majlis Pakistan Restaurant LLC,Opp Gold Center,Sharjah,UAE,,06-5669347,,,
Malabar Chef Restaurant,"Behind NDC, Salam Street",Abu Dhabi,UAE,,02-6747220,056-9252086,,
Malabar Restaurant,"Opp Malabar Super Market, Deira",Dubai,UAE,,04-2239510,04-2239511,,
Malanaad Restaurant,"Bhnd SHJ Coop, Abu Shagara",Sharjah,UAE,,06-5740001,054-4008841,,
Mamma Italia Restaurant,Jumeira Beach Road,Dubai,UAE,,04-3380872,050-1182464,,
Mandi Plov Restaurant,"Shop 20, W 09 Building, Russia Cluster, International City",Dubai,UAE,,04-4211827,050-5152533,,
Manishaz Kitchen,Abu Shagara,Sharjah,UAE,,06-5632215,,,
Mannaland Restaurant,Satwa,Dubai,UAE,,04-3451300,,,
Manvaar Restaurant LLC,,Dubai,UAE,49936,04-3368332,,,
Marakesh,"Millenium Hotel Abu Dhabi, Khalifa St.",Abu Dhabi,UAE,,02-6146000,,,
Marco Pierre White Steakhouse & Grill,Farimont Bab Al Bahr,Abu Dhabi,UAE,,02-6543333,,,
Mareb Mandi Restaurant,Al Garhoud,Dubai,UAE,,04-2955590,,,
Maria Bonita Taco Shop & Grill,Jumeirah,Dubai,UAE,,04-3955576,,,
Marina Al Bateen Resort,Corniche,Abu Dhabi,UAE,44044,02-6651516,,,
Market Kitchen,"Le Royal Meridian, Al Markaziyah",Abu Dhabi,UAE,,02-6742020,,,
Marwan Murad Restaurant,Jumeirah Beach Rd,Dubai,UAE,50156,04-3453419,,,
Masco Group,Deira,Dubai,UAE,233891,04-2943533,,,
Mashhad Restaurant,Qusais,Dubai,UAE,1492,04-2671445,,,
Massaad BBQ,"City Tower 2, Shk Zayed Road",Dubai,UAE,,04-3589776,,,
Mawal Restaurants Management LLC,Hamdan St,Abu Dhabi,UAE,34836,02-6721999,,,
Mawaweel Restaurant,,Abu Dhabi,UAE,93576,02-6391333,,,
Mawlana Turkish Restaurant,Deira,Dubai,UAE,294912,04-2956868,,,
Maxine Cafe Restaurants,"Jumeirah Road, Street 51, Jumeirah 1",Dubai,UAE,,04-3496020,800 629463,,
Mazaree Al Sham Barbecue,"Beach Road, Umm Suqeim 2",Dubai,UAE,,04-3883446,050-4638887,,
McDonalds,Dubai Festival City Business Bay Crossing,Dubai,UAE,24119,04-2329445,,,
Meenatshi Chettinadu Restaurant LLC,Al Quoz,Dubai,UAE,34722,04-3403345,,,
Meeting Point Cafeteria LLC,"Near Shindaga City Centre, Al Ghubaiba Rd, Opp Etisalat, Bur Dubai",Dubai,UAE,,04-3543701,055-5146916,,
Meknaz Restaurant,,Abu Dhabi,UAE,,02-6778813,,,
Memsaab Restaurant,JLT,Dubai,UAE,,04-4429816,,,
Meshmesh Pizzeria,,Abu Dhabi,UAE,,02-6765478,,,
Mezbaan Hyderabad Restaurant,Bur Dubai,Dubai,UAE,45076,04-3517863,,,
Mezlai,"Emirates Palace Hotel, Ras Al Akhdar",Abu Dhabi,UAE,,02-6909000,,,
Mezzaluna,"Emirates Palace, Al Ras Al Akhdar",Abu Dhabi,UAE,,02-6907999,,,
Mini Chinese Restaurant,"Al Diyafa St, Satwa",Dubai,UAE,1038,04-3459976,,,
Mini Punjab Restaurant,"Bhnd Natl Bank of Dubai, Al Fahidi St, Bur Dubai",Dubai,UAE,184341,04-3515436,,,
Mint and Olive Restaurant,Discovery Gardens,Dubai,UAE,487497,04-4409844,,,
Mir Amin Lebanese Cuisine,Jumeirah,Dubai,UAE,500069,04-3449921,,,
Mobeen Restaurant,"Hatta Rd, Aweer",Dubai,UAE,60680,04-2870393,,,
Modern Food Care Restaurant LLC,Khalidiya,Abu Dhabi,UAE,,02-6395544,,,
Modern Restaurant,"New West Accommodation Area, Jafza",Dubai,UAE,,04-8838822,,,
Mohini Restaurant,,Abu Dhabi,UAE,,02-6760240,055-6892343,,
Momento Cafe Restaurant and Catering,Abu Dhabi Mall,Abu Dhabi,UAE,52203,02-6760444,,,
Momos Magic,"Level 3, Oasis Centre",Dubai,UAE,,055-8028677,,,
Mono Restaurant & Cafe,,Abu Dhabi,UAE,,02-6416655,,,
Moonlight Restaurant,"Opp Islamic Bank, Mumtazar Rd",Ras Al Khaimah,UAE,5748,07-2282336,,,
Moshi,Al Barsha 1,Dubai,UAE,,04-3999650,800 66744,,
Moti Mahal Delux Restaurant,,Abu Dhabi,UAE,,02-6742121,,,
Moulay Youssef Restaurant,Jumeirah,Dubai,UAE,,04-3282285,,,
Moylos Burgers,"Near Sunset Mall, Jumeirah Beach Road",Dubai,UAE,,04-3883140,,,
Mr Shawerma Restaurant,Abu Hail,Dubai,UAE,,04-2626900,055-4451171,,
Mubarak Salem Saeed Restaurant,Hor Al Anz,Dubai,UAE,11204,04-2667982,,,
Mugg & Bean,Abu Dhabi Mall,Abu Dhabi,UAE,,02-6454232,,,
Mughal Darbar Restaurant LLC,"Hamsah Building, Near Ansar Galler, Karama",Dubai,UAE,,04-3795677,,,
Muhammad Faisal Restaurant,"Near Dnata Bldg, Port Saeed, Deira",Dubai,UAE,,04-2691900,055-4306993,,
Mullapanthal Restaurant,"Hawthorn Suite Hotel, Tourist Club Area",Abu Dhabi,UAE,,055-8381867,055-1752299,,
Multan Restaurant,"Damascus St, Al Qusais 3",Dubai,UAE,,04-2584033,,,
Multi Food LLC,,Dubai,UAE,,04-4472800,,,
Mumbai Masti Juice Center,"Opp Dubai Museum, Al Fahidi St, Bur Dubai",Dubai,UAE,123481,04-3867655,052-9859545,,
Mumtaz Mahal,Arabian Courtyard Hotel & SPA,Dubai,UAE,,04-3519111,,,
Musalla Restaurant,"Lahej Khalifa Building, Opposite Karama Centre, Al Karama",Dubai,UAE,,04-3968030,04-3964928,,
Mussafah Sanahiya Restaurant,"M 14, Mussafah",Abu Dhabi,UAE,8605,02-5553390,,,
My Falafel,"Shop 4, Al Waha Mosque, Dubai Silicon Oasis",Dubai,UAE,,04-3383790,050-5758920,,
My Tea Cafeteria,"Behind Green House, Najda Street",Abu Dhabi,UAE,,02-6219989,056-8663302,,
Mythos,JLT,Dubai,UAE,,04-3998166,,,
NA3NA3,"Dubai Mall, Al Doha St, Down Town Dubai",Dubai,UAE,,04-4329520,,,
Naadan Adukkala Restaurant,"Opp Aster, Khalid Bin Waleed Rd, Bur Dubai",Dubai,UAE,,04-3277753,052-5943294,,
Nabaa Al Sham Pastry,"Opp Al Moski, King Faisal Street, Al Majaz",Sharjah,UAE,,06-5732626,050-8400411,,
Nabras Refreshments,Khalidiya,Abu Dhabi,UAE,,02-6668582,,,
Nahaam,"Jumeirah Al Etihad Towers, Al khubeirah",Abu Dhabi,UAE,,02-8115555,,,
Nalan Restaurant LLC,"Burjuman Centre, Khalid Bin Al Waleed Road, Bur Dubai",Dubai,UAE,,04-3541900,050-7941900,,
Nalas Aappakadai Chettinad Restaurant LLC,,Abu Dhabi,UAE,,02-6721500,,,
Nasar Restaurant,Old Airport Rd,Abu Dhabi,UAE,25634,02-6210482,,,
Nasr Restaurant & Grill,TCA,Abu Dhabi,UAE,,02-6444228,,,
National Restaurant,"Near Hilton Hotel, Khorfakkan Rd",Fujairah,UAE,718,09-2222753,,,
Nawab Restaurant,"Al Ain Centre (Computer Plaza), Bur Dubai",Dubai,UAE,29877,04-3599884,,,
Neelgiris Vegetarian Restaurant,"Ramla Mall Food Court, DIP",Jebel Ali,UAE,30884,04-8847644,,,
Nell Gwynns,Dubai Marina,Dubai,UAE,,04-4488222,,,
Nellara Restaurant LLC,"Al Fattan Bldg, Opp Nihal, Al Qusais",Dubai,UAE,,04-2806444,,,
New Bawarchi Restaurant,"Bhnd Raffa Police Stn, Near Golden Fork, Bur Dubai",Dubai,UAE,43263,04-3552833,052-6204803,,
New City Palace Restaurant,Al Falah Street,Abu Dhabi,UAE,31912,02-6262762,050-6620323,,
New Damascus Sweets and Restaurant,"Beside Madina S/Market, Al Gurfa",Fujairah,UAE,252,09-2222281,,,
New Defood Restaurant,"Al Fajar Building, Near Al Hilal Bank, Al Garhoud",Dubai,UAE,,04-2502829,055-4053838,,
New Generation Restaurant,"Near Deira Taxi Stand, Deira",Dubai,UAE,56296,04-2242332,,,
New Luck Restaurant,Al Quoz,Dubai,UAE,11059,04-3472101,,,
New Madras Vegetarian Restaurant,Deira,Dubai,UAE,,04-2233885,,,
New Midnight Cafe Restaurant,"Street 1, Discovery Gardens",Dubai,UAE,34685,800-5423789,,,
New Quetta Cafeteria and Restaurant,Main Rd,Al Ain,UAE,15283,03-7517716,,,
New Royal Chef Restaurant,"Bhnd Sahara Centre, Al Nahda 1",Dubai,UAE,,04-2527991,052-6418757,,
New Sagar Restaurant LLC,Mussafah,Abu Dhabi,UAE,,02-5531180,,,
New Times Restaurant,"Near Clock Tower, Deira",Dubai,UAE,14516,04-2501888,,,
New York Pizza,Al Qasba,Sharjah,UAE,,06-5566262,,,
Nice Burger Restaurant,"Sundos Al Nahda Bldg, NMC Hospital Rd, Al Nahda",Dubai,UAE,,04-2582007,055-3582326,,
Nihal Restaurant,Electra St,Abu Dhabi,UAE,72788,02-6318088,,,
Nila Restaurant,"Near Safeer Mall, Industrial Area 7",Sharjah,UAE,29033,06-5300230,,,
Ninar Coffee Shop and Restaurant,Khalifa St,Abu Dhabi,UAE,38569,02-6722267,,,
Nineteen,Emirates Hills,Dubai,UAE,36700,04-3905600,,,
Noble Restaurant & Catering Srvcs LLC,,Abu Dhabi,UAE,8879,02-5509292,,,
Nolus Cafe,Al Bandar,Abu Dhabi,UAE,,02-5579500,,,
Noodle House,Dubai Mall,Dubai,UAE,,04-3884825,,,
Noor Al Madina Cafeteria,"Opp Aster, Al Muteena",Dubai,UAE,,04-2735318,056-2929570,,
Noor Al Mandi Restaurant,"Burj Al Noor Tower, Amman St, Al Nahda 2",Dubai,UAE,232852,04-2390700,,,
Noor Al Samaa Restaurant,Al Nahda,Sharjah,UAE,,06-5265474,,,
Noorani Restaurant & Juice Corner & Cafe LLC,"Near Lamcy Plaza, Oud Metha",Dubai,UAE,,04-3707706,056-6673379,,
Notra Food Srvcs,"4th I/Change, Umm Suquem Rd",Dubai,UAE,184513,04-3419490,,,
Nova Restaurant,Corniche Road,Abu Dhabi,UAE,,056-4140978,,,
Oasis - Hotel Holiday International,"Al Majaz, Buheira Corniche",Sharjah,UAE,5802,06-5736666,,,
Oasis Courtyard,Bani Yas,Abu Dhabi,UAE,,02-6596666,,,
Ogaret Restaurant LLC,"Food Court 2, Jafza",Jebel Ali,UAE,212428,04-8870055,,,
Olives,Al Maqta,Abu Dhabi,UAE,,02-4041941,,,
Omar Al Khayyam Restaurant,"Next to Lulu Centre, Rolla",Sharjah,UAE,4172,06-5654629,,,
Omar Al Khayyam Restaurant and Cafeteria,Dibba Al Hassan,Fujairah,UAE,12103,09-2442343,,,
Omar Khayyam Restaurant,"Opp RAK Bank, Saba St",Ras Al Khaimah,UAE,1451,07-2332824,,,
Onam Restaurant,"Near Arabian Travels, Rolla",Sharjah,UAE,58,06-5615330,,,
Opasta,"Gold Crest Tower, JLT",Dubai,UAE,,04-3686332,,,
Open House Restaurant,Karama,Dubai,UAE,53677,04-3965481,,,
Operation Falafel,,Dubai,UAE,,600530006,,,
Options,,Dubai,UAE,9668,04-3293293,,,
Oregano Restaurant,Garhoud,Dubai,UAE,52139,04-2883420,,,
Organic Foods and Cafe,The Greens,Dubai,UAE,,04-3382911,,,
Oriental Korner Restaurant,,Abu Dhabi,UAE,29674,02-6716782,,,
Origins,"Yas Viceroy, Yas Islands",Abu Dhabi,UAE,,02-6560600,,,
Ortegos Grill,"Mankhool Rd, Satwa",Dubai,UAE,,04-3425109,,,
Osool Cafeteria,Abu Shagara,Sharjah,UAE,,06-5556770,055-2591357,,
Ossiano,"Crescent Rd, Palm Jumeirah",Dubai,UAE,211188,04-4262626,,,
Oushe Gourmet Bakeshop,Barsha,Dubai,UAE,,04-3850011,,,
Outback Steakhouse,"Dubai Festival Centre, DIFC",Dubai,UAE,,04-2328989,,,
Ovens Bakery,"Amman St, Al Nhada",Dubai,UAE,,04-2206050,,,
Pachaylen,Al Markaziyah,Abu Dhabi,UAE,,02-6561000,,,
Pak Al Safa Restaurant LLC,"Near Marco Polo Hotel, Al Muteena St, Deira",Dubai,UAE,40577,04-2727323,056-2355825,,
Pak Darbar Restaurant,Al Nahda,Dubai,UAE,,04-2206050,,,
Pak Khyber Darbar Restaurant,"Al Muteena St, Deira",Dubai,UAE,,04-2529552,050-7446786,,
Pak Rose Restaurant,"Near Allwin Trdg, Deira",Dubai,UAE,,04-2650800,,,
Pak Sufi Restaurant,"Dmascus St, Al Qusais 1",Dubai,UAE,,04-2673600,,,
Pakistan Sweets and Bakers,"Near Al Ibrahimi Restaurant, Al Karama",Dubai,UAE,,04-3795040,,,
Palermo,"Club House, Opposite Arabian Ranches",Dubai,UAE,,04-3618111,,,
Palm Grove Restaurant,"Opp Basma Resi, Abu Shagara",Sharjah,UAE,,06-5532408,,,
Pancake House,Al Wahda,Abu Dhabi,UAE,33779,02-6156000,,,
Panoor Restaurant LLC,"Sh Colony, Qusais",Dubai,UAE,,04-2613157,,,
Panorama,"Emirates Grand Hotel, sh zayed road",Dubai,UAE,,04-3230000,,,
Pantry Cafe,Wasl Square,Dubai,UAE,,04-3883869,,,
Papa John's,Dubai Marina,Dubai,UAE,27540,04-4309904,,,
Papparoti,Abu Dhabi Mall,Dubai,UAE,,04-3308377,,,
Paragon Castle,"Nrar NMC Hospital, Amman Rd, Al Nahda 2",Dubai,UAE,,04-2390940,055-4393030,,
Parco Restaurant,DIP,Jebel Ali,UAE,,04-8853955,,,
Paris Way Restaurant,"Near Hadiqat Al Madina, DIP",Jebel Ali,UAE,,04-8848884,,,
Park Bar & Grill,Saadiyat Island,Abu Dhabi,UAE,,02-4071138,,,
Park Darbar Restaurant,"Near Lulu, Muteena Rd, Deira",Dubai,UAE,,04-2562888,054-3240286,,
Park View Restaurant,"Bhnd Zulekha Hospital, Al Nahda 2",Dubai,UAE,,04-2809985,,,
Parkers Cafe,Al Mushrif,Abu Dhabi,UAE,,050-6255563,,,
Pastry Hayakil Baalabak,Al Nahda,Sharjah,UAE,,06-5543111,,,
Patan Restaurant,"Opp Veg Market, Near Enoc, Ras Al Khor",Dubai,UAE,,04-3206366,,,
Paul Cafe,Baniyas,Abu Dhabi,UAE,,02-5828300,,,
Pearl View Restaurant & Cafeteria LLC,"Al Zaroni Bldg, Bhnd Mall of Emirates, Al Barsha",Dubai,UAE,,04-3549004,,,
Peepees Restaurant,Jebel Ali,Jebel Ali,UAE,2316,04-8834838,,,
Peppar - Paragon Group,"Bhnd Mall,",Sharjah,UAE,,06-5734647,050-1659597,,
Pepper Mill,"4th Floor, Block C, Tower Y",Abu Dhabi,UAE,33779,02-6156000,,,
Perfect Biriyani House Restaurant,"Behind Al Ain Tower, Hamdan Street",Abu Dhabi,UAE,,02-4489338,056-3796438,,
Perfect View Restaurant,Al Buteen,Abu Dhabi,UAE,46628,02-6359896,,,
Peshawari Restaurant,"Near Palm Hotel, Al Muteena St, Deira",Dubai,UAE,,04-2562013,054-4335400,,
Petit Cafe,"Al Ghazal Mall, Satwa",Dubai,UAE,31727,04-3458989,,,
Picnic Restaurant,"Beside Al Diyafah Centre, Satwa R/A",Dubai,UAE,12235,04-3444805,,,
Pillars Cafe,"Phoenicia Hotel, Deira",Dubai,UAE,,04-2227191,,,
Ping Pong Restaurant LLC,,Dubai,UAE,,04-3236566,,,
Pizza Amore,Al Zahiyah,Abu Dhabi,UAE,,02-6449990,,,
Planet Cafe & Restaurant,Hamdan Str,Abu Dhabi,UAE,128354,02-6767962,,,
Ponderosa Steak House,"Hamad Centre, Electra St",Abu Dhabi,UAE,42757,02-6393375,,,
Ponnusamy Restaurant,Qusais,Dubai,UAE,4893,04-2619750,,,
"Pool - Jumeirah Beach Hotel, The",Jumeirah,Dubai,UAE,11416,04-4068760,,,
Pranavam Cafeteria,Satwa,Dubai,UAE,,04-3312243,,,
Pulp Juice Bars,"Bahar Bldg, JBR",Dubai,UAE,22700,04-4364192,,,
Pumpy's Restaurant,"Next to Middle East Bank, Khalid Bin Walid Road, Bur Dubai",Dubai,UAE,51745,04-3528484,,,
Punjab Grill,"Venetian Village, Al Maqta",Abu Dhabi,UAE,,02-4087201,,,
Punjab Restaurant,"Al Ghowair Market, Rolla",Sharjah,UAE,1338,06-5623835,,,
Puranmal Restaurant,Bur Dubai,Dubai,UAE,45068,04-3937701,,,
Pushkin,"Jumeirah Beach Residence, Dubai Marina",Dubai,UAE,,04-4270268,,,
Qasr Al Khaleej Restaurant,,Sharjah,UAE,,06-5508992,,,
Qiso Cafe,,Dubai,UAE,,04-3212127,,,
Quest Restaurants Management,Al Muroor,Abu Dhabi,UAE,51579,02-6418300,,,
Quick Bite Rest LLC,Damascus St,Dubai,UAE,84907,04-2637888,,,
Quizno'S Subs,JAFZA,Jebel Ali,UAE,13132,04-8872280,,,
Qurtoba Restaurant & Cafe,"Plaza Level, Bahar Section, The Walk",Dubai,UAE,,04-4522209,055-5155514,,
Qwaider Al Nabulsi Restaurant,"Al Murakabat Rd, Near Clock Tower, Deira",Dubai,UAE,11171,04-2277760,,,
Raaga Restaurant,"Opp New Burjuman, Al Karama",Dubai,UAE,237796,04-3970211,04-3970212,,
Radhe O Radhe Restaurant LLC,"Opp Day to Day, Kuwait St, Karama",Dubai,UAE,,04-3365339,,,
Radio Restaurant,"Near Al Wahda Post Office, Jamal Abdul Nasser St",Sharjah,UAE,22196,06-5597786,,,
Raidan Mandi Restaurant,,Sharjah,UAE,,06-5553801,050-9560390,,
Raihana Restaurant,Old Jawazat Rd,Abu Dhabi,UAE,6479,02-6428440,,,
Rainbow Catering and Wedding Services LLC Co,"Near Gold Center Signal, Al Qasimiyah St",Sharjah,UAE,4561,06-5733925,,,
Rainbow Steak House,Mussafah,Abu Dhabi,UAE,,02-5526606,,,
Rainbow Steak House and Catering Services Company LLC,"M 40, Musaffah",Abu Dhabi,UAE,46663,02-6333434,,,
Rainbow Steak House Restaurant,Al Qasimia St,Sharjah,UAE,,06-5723505,,,
Rashed Al Katheeri Mandi Restaurant,"Beside Zulekha Hospital, Zahara St, Al Nasryah",Sharjah,UAE,,06-5654051,,,
Rawabina Restaurant,Al Garhoud,Dubai,UAE,28629,04-2981447,,,
Rawal Restaurant,Hor Al Anz,Dubai,UAE,11201,04-2979144,,,
Rays Grill,"Jumeirah Al Etihad Towers, Al Khubeirah",Abu Dhabi,UAE,,02-8115666,,,
Real Taste Cafeteria,"Near Emirates Plaza Hotel, TCA",Abu Dhabi,UAE,,02-6411007,052-6960600,,
Red Roaster,"27-28, Salem Shk Bldg, Satwa",Dubai,UAE,,04-3855999,,,
Red Table Iranian Restaurant,"Khalfan Bin Jamber building, Al Muteena Street, Deira",Dubai,UAE,16449,04-2729131,,,
Red Tomato Pizza Restaurant LLC,Al Barsha,Dubai,UAE,450103,04-4470497,,,
Reef Deira Cafeteria & Restaurant,Al Muteena,Dubai,UAE,56277,04-2710103,054-3178500,,
Reef Demashq Restaurant,"Al Twar , Qusais",Dubai,UAE,55505,04-2616336,,,
Relax @ 12,Al Arabi Street,Abu Dhabi,UAE,,02-6545000,,,
Retail & Beyond Commercial Investment LLC,Business Bay,Dubai,UAE,9623,04-3699775,,,
Rez Bhaleeb Restaurant,"Behind ADCB Bank, Electra Street",Abu Dhabi,UAE,105671,02-6660178,,,
Rhythm N Bites,Oud Metha,Dubai,UAE,126624,04-3583368,,,
Rice Overdose,Salama St,Abu Dhabi,UAE,,02-6220068,052-1775697,,
Rihan Restaurant,Al Qusais 2,Dubai,UAE,,04-2592992,,,
Rimal Bar,Bani Yas,Abu Dhabi,UAE,,02-6596666,,,
Ritaj Restaurant,Electra St,Abu Dhabi,UAE,27034,02-6310036,,,
Rite Bite,"Opp Day to Day, Near Post Office, Karama",Dubai,UAE,,04-3576306,,,
Riviera Italian Restaurant,Al Bateen,Abu Dhabi,UAE,44044,02-6650144,,,
Robertos,,Dubai,UAE,,04-3860066,,,
Robyan Restaurant,"Bhnd Al Mamzar Bldg, Hor Al Anz East, Deira",Dubai,UAE,16515,04-2977474,056-7425888,,
Rock Bottom - Regent Palace Hotel,"Opp Burjuman Centre, Trade Centre Rd, Karama",Dubai,UAE,26816,04-3963888,,,
Rodeo Grill,"Beach Rotana, Al Zahiyah",Abu Dhabi,UAE,,02-6979012,,,
Ronda Locatelli,"Crescent Rd, Palm Jumeirah",Dubai,UAE,211188,04-4262626,,,
Rosewater,"Jumeirah Al Etihad Towers, Al Khubeirah",Abu Dhabi,UAE,,02-8115555,,,
Rosina Bellina Restaurant,Corniche Road,Abu Dhabi,UAE,,02-6390587,,,
Rossovivo,"Millenium Tower, Shk Zayed Road",Dubai,UAE,,04-3805833,,,
Royal Foods Restaurant,"Grand Shopping Mall, Al Quoz",Dubai,UAE,33716,04-3388977,,,
Royal Kebab Restaurant,"Shop 2, Lake Central Tower, Fakhruddin Properties, Business Bay",Dubai,UAE,282947,04-2753096,,,
Royal Orchid Chinese & Thai Restaurant,Marina Walk,Dubai,UAE,114586,04-3674040,,,
Royal Rajasthan Restaurant & Cafe,Hamdan Street,Abu Dhabi,UAE,72535,02-6353763,050-8685252,,
Rozanah Restaurant,Yas Marina,Abu Dhabi,UAE,,02-4963411,,,
Ruchi Restaurant,Ziyani Area,Abu Dhabi,UAE,35980,02-6792679,,,
Ruchi Star Restaurant,"Bhnd Arabian Courtyard Hotel, Near Dubai Museum, Bur Dubai",Dubai,UAE,234480,04-3525895,056-1823509,,
S Cafe,JLT,Dubai,UAE,,04-3794044,,,
Saba Mandi & Madhbi Rest,"Next to Sharjah University, Muweilah",Sharjah,UAE,,06-5500816,,,
Sabir Afghan Restaurant,"318 Road, Near Grand City Mall, Al Quoz",Dubai,UAE,,052-4243516,,,
Saca Advertising LLC,,Dubai,UAE,27680,04-2563531,,,
Sacci,,Abu Dhabi,UAE,,02-6169999,,,
Sadaf,Al Maktoum St,Dubai,UAE,,04-2221622,,,
Sadaf Wa Marjan Restaurant LLC,"Bhnd Dubai Islamic Bank, National Paints, Al Muweilah",Sharjah,UAE,,06-5356030,,,
Safari Bruasted Chicken & Refreshment,"Near Dana Hotel, TCA",Abu Dhabi,UAE,,02-6450003,,,
Safeer Al Mandi,"Jamal Abdul Naser Rd, Al Majaz",Sharjah,UAE,,06-5444225,,,
Safire Restaurant,"Near UAE Exchange, Rolla Sq",Sharjah,UAE,20256,06-5614393,,,
Sagar Calicut,"Near Al Ansari Exchange, Al Arooba St",Sharjah,UAE,67993,06-5639781,055-1979165,,
Sagar City Restaurant,Abu Shagara,Sharjah,UAE,,06-5595660,,,
Sagar Deluxe Restaurant LLC,Hor Al Anz,Dubai,UAE,,04-2963738,,,
Sagar Restaurant,Passport Rd,Abu Dhabi,UAE,,02-6413690,,,
Sager Deira Restaurant LLC,Hor Al Anz,Dubai,UAE,82041,04-2681268,,,
Sai Dham Restaurant,Karama,Dubai,UAE,28146,04-3358788,,,
Saif Al Jazeera Restaurant,"Frij Murar, Deira",Dubai,UAE,89051,04-2710532,,,
Salaam Namaste Restaurant,"Meena Bazar, Bur Dubai",Dubai,UAE,241473,04-3256144,058-2349786,,
Salat Al Makolat Restaurant,"Behind National Hospital, Najda Street",Abu Dhabi,UAE,,02-6749901,050-1221302,,
Saleh Bin Lahej Group,Garhoud,Dubai,UAE,1443,04-2828188,,,
Salem Saif Restaurant,,Jebel Ali,UAE,,04-8523951,,,
Salero,"Kempenski Hotel, Shk Zayed Road",Dubai,UAE,,04-4095888,,,
Salim Ali Salim Restaurant,Al Dagaya Street,Dubai,UAE,,04-2261383,,,
Sama Al Akawi Restaurant,,Abu Dhabi,UAE,,052-2610444,052-2610555,,
Sama Al Khaleej Pastry,Al Nahda 2,Dubai,UAE,,04-2390916,050-9781207,,
Samakmk Restaurant,"Al Qasimiya St, Al Ghubaiba",Sharjah,UAE,,06-5676703,,,
Samiramis Cafeteria,"Near Al Sahaba Mosque, TCA",Abu Dhabi,UAE,,02-6459034,050-5667901,,
Samurai Japanese Restaurant,Meena Rd,Abu Dhabi,UAE,5133,02-6766612,,,
Sanaya Al Thoufeeque Rest,Mussafah,Abu Dhabi,UAE,8375,02-5559923,,,
Sandwichy,"One Omniyat Tower, Business Bay",Dubai,UAE,,800245245,,,
Sangeet Indian Multicuisine Restaurant,Al Qusais,Dubai,UAE,125981,04-2592433,,,
Sangeeta Veg Restaurant,Karama,Dubai,UAE,4893,04-3367111,,,
Sangeetha Vegetarian Restaurant LLC,Karama,Dubai,UAE,,04-3367111,,,
Sanman Restaurant,Qusais,Dubai,UAE,20249,04-2613415,,,
Saraya Palace Restaurant,Khalidiya,Abu Dhabi,UAE,32002,02-6662288,,,
Sardina Seafood Restaurant,"Reem Mall, Jumairah Road, Jumairah 3",Dubai,UAE,333327,04-3390444,052-8734444,,
Sardinia,Al Mushrif,Abu Dhabi,UAE,,02-6577640,,,
Sarhad Darbar General Trading,,Dubai,UAE,91753,04-2565394,,,
Sarhad Darbar Restaurants LLC,Al Aweer,Dubai,UAE,94637,04-2363114,,,
Satwa Palace Restaurant,Satwa Road,Dubai,UAE,,04-3422070,,,
Savage Garden - Capitol Hotel,"Al Mina Rd, Bur Dubai",Dubai,UAE,33228,04-3460111,,,
Sax Restaurant Club,Khalifa St,Abu Dhabi,UAE,44489,02-6741286,,,
Sayad Bahar Restaurant,Al Garhoud,Dubai,UAE,,04-2288003,,,
Sayad Seafood,"Emirates Palace, Al Ras Al Akhdar",Abu Dhabi,UAE,,02-6907999,,,
Scantic Restaurant,"Near Bus Station, Satwa",Dubai,UAE,24611,04-3492162,,,
Sea Mood Restaurant,"Mankhool Road, Satwa",Dubai,UAE,,04-3857977,,,
Sea Mood Restaurant,"Mankhool Rd, Diyafa",Dubai,UAE,,04-3857977,,,
Sea Shell Cafeteria,"Near Emarat, Garhoud Bridge Aree, Garhoud",Dubai,UAE,,04-3244334,055-5598186,,
Sea Shell LLC,,Abu Dhabi,UAE,,02-6215234,,,
Sea View Restaurant,Jumeirah Rd,Dubai,UAE,11449,04-3335552,,,
Sealand Restaurant,"Bhnd UAE Exchange Centre, Rolla",Sharjah,UAE,60522,06-5612020,,,
Seazen Foodpoint Restaurant,,Abu Dhabi,UAE,,02-6264191,050-1149859,,
Segafredo Zanetti Espresso,Ibn Batuta Mall,Dubai,UAE,23684,04-3243757,,,
Select Restaurant & Cafeteria,Electra St,Abu Dhabi,UAE,,02-6330068,,,
Seven Emirates Restaurant,,Abu Dhabi,UAE,,02-5524125,,,
Sevilla Restaurant,,Abu Dhabi,UAE,,02-5080555,,,
Sevilos,Khalifa Str,Abu Dhabi,UAE,,02-6146000,,,
Shabab Al Tybeen Cafeteria,"Behind Honda Showroom, Electra Street",Abu Dhabi,UAE,,02-6745277,050-1617668,,
Shabiyat Al Toufeeq Refreshments,Mussafah,Abu Dhabi,UAE,,02-5527176,,,
Shahab Restaurant,"Bldg, 28, Near Eppco Pump, Al Qusais Indl Area 4",Dubai,UAE,,04-2838007,,,
Shahariyar Restaurant,"Nakheel Road, Deira",Dubai,UAE,,04-2212797,,,
Shahi Daawat,Bur Dubai,Dubai,UAE,,058-8401212,,,
Shahi Mughal Restaurant,"Beside Muncipality office, Satwa",Dubai,UAE,,04-3440051,052-5943286,,
Shahi Tandoor,"Zabeel Road, Karama",Dubai,UAE,,04-3583583,,,
Shaikh Al Mandi Restaurant,Al Barsha 1,Dubai,UAE,,04-3929932,,,
Shakespeare And Co,,Jebel Ali,UAE,,04-8854330,,,
Shaklan Restaurant,"Mubarak Al Jafla W/H, Street 12 , Al Quoz Indl Area 2",Dubai,UAE,,04-3285533,,,
Shako Mako,"Beach Road, Jumeirah 3",Dubai,UAE,75232,04-3444007,055-7744900,,
Sham Alsehhi Restaurant,"Damascus St, Al Qusais",Dubai,UAE,48636,04-2511155,056-7588865,,
Shamiana,Sahara Center,Sharjah,UAE,,06-5395930,,,
Shams Al Aseel Cafeteria,Satwa,Dubai,UAE,,04-3329505,,,
Shams Al Batheen Restaurant,Al Qusais,Dubai,UAE,79328,04-2672204,,,
Shams Restaurant,Khalidiya,Abu Dhabi,UAE,29128,02-6210176,,,
Shanghai Station,Oud Metha,Dubai,UAE,,04-3966559,052-5934179,,
Sharafuddin Restaurant,"China H-03, Dubai International City",Dubai,UAE,,04-4475278,,,
Sharafudheen Restaurant,Al Quoz Industrial Area 3,Dubai,UAE,,04-3468448,,,
Sharjah Club Cafeteria,Near Cricket Stadium,Sharjah,UAE,,06-5431717,,,
Shatee Restaurant,"Bhnd Citymax Hotel, Al Wahda St",Sharjah,UAE,,06-5556070,,,
Shater Grill House Restaurant,"Near Madina Mall, Dubai",Dubai,UAE,,04-3415660,056-5886004,,
Shatir Hassan Restaurant,Al Falah St,Abu Dhabi,UAE,46539,02-6416616,,,
Shaukath Restaurant,Bhnd of Karama Hotel,Dubai,UAE,,04-3352526,,,
Shawarma Time,Najda St,Abu Dhabi,UAE,37942,02-6336633,,,
Shawarmaji,Al Barsha,Dubai,UAE,,04-4521717,050-4605280,,
Sheeshan Restaurant,"Frij Murar, Deira",Dubai,UAE,,04-2730147,,,
Sher-E-Punjab Restaurant,"Oman St, Al Nakheel",Ras Al Khaimah,UAE,812,07-2221572,,,
Shibam Hadarmout Restaurant,"Near Habtoor Auto Centre, Deira",Dubai,UAE,236177,04-2666024,,,
Shish Shawerma Restaurant Est,Corniche Rd,Abu Dhabi,UAE,38107,02-6505576,,,
Shiv Sagar Restaurant LLC,"Meena Bazaar, Bur Dubai",Dubai,UAE,43527,04-3522020,,,
Shoukath Restaurant,Karama,Dubai,UAE,23050,04-3352526,,,
Sigddi Restaurant LLC,"Besides Baby Shop, Al Zabel Rd, Karama",Dubai,UAE,184061,04-3548978,,,
Simran's Appa Kadai,Discovery Gardens,Dubai,UAE,,04-3348030,,,
Sind Darbar Restaurant,"Al Muteena Rd, Deira",Dubai,UAE,,04-2727934,,,
Sindh Shahbaz Restaurant,"Opp Abdullah Bin Abbas Mosque, King Faisal St",Sharjah,UAE,,06-5744104,,,
Singapore Deli,"Behind Pizza Hut, Opposite Burjuman Centre, Al Karama",Dubai,UAE,49612,04-3966885,,,
Sinugba ng Cucina Filipino Restaurant,"Amman Rd, Al Nahda 2",Dubai,UAE,,04-2637482,,,
Sivestar Bhavan Restaurant,Bur Dubai,Dubai,UAE,,04-3979481,,,
Skye & Walker,Al Rigga,Dubai,UAE,,04-2131221,,,
Slider Station,Al Wasl Road,Dubai,UAE,,600 544005,,,
Smiling BKK,"Shop 1, Block 1, Wasl Square, Opposite Safa Park, Al Wasl Road, Al Safa",Dubai,UAE,,04-3884411,,,
Sonia Company LLC,Rashidiya,Dubai,UAE,52546,04-2863660,,,
Sontaya,Saadiyat Island,Abu Dhabi,UAE,,02-4988888,,,
Sophies Cafe,Jumeirah,Dubai,UAE,,04-4515982,,,
Soy Express,Mussafah,Abu Dhabi,UAE,,02-5508900,,,
Soyumm,"Lamcy Plaza, Karama",Dubai,UAE,,04-3584584,,,
Spaccanapoli,"Crown Plaza, Al Markaziyah",Abu Dhabi,UAE,,02-6166261,,,
Special Group of Rest and Catering Services,Khalidiya St,Abu Dhabi,UAE,52100,02-6665512,,,
Special Restaurant,,Abu Dhabi,UAE,52100,02-6665512,,,
Spectrum Restaurant,Backside of Deira Towers,Dubai,UAE,,04-2266103,,,
Spice By Qureshi,"Ground floor, Ramada Chelsea Hotel, Al Barsha",Dubai,UAE,,04-5019000,,,
Spice Sense Restaurants,"406, Sobha Ivory 2, Business Bay",Dubai,UAE,,04-5514134,,,
SpiceKlub,"Opposite Aster Hospital, Near Sharaf DG, Kuwait Street, Mankhool",Dubai,UAE,,04-4489590,,,
Spicy Thali Restaurant,Nuaimiyah,Ajman,UAE,,06-7419876,,,
Spicyland Restaurant,"Bhnd Choitram S/M, Abu Shagara",Sharjah,UAE,,06-5554515,,,
Sports Star Restaurant & Cafe LLC,"Al Talal Building, Bhnd Sahara Centre, Al Nahda",Dubai,UAE,,04-2669277,052-8414450,,
Spring Onion Restaurant,"Silver Tower, Business Bay",Dubai,UAE,,055-3151234,,,
Square Table Restaurant,"Opp Centrepoint, Bhnd Pizzahut, Karama",Dubai,UAE,,04-3977223,052-8740231,,
Stables Bar & Restaurant,"Near Farimont Hotel, Shk Zayed Road",Dubai,UAE,,04-3425571,,,
Stand View Restaurant LLC,,Dubai,UAE,,04-2238038,,,
Star Restaurant and Mini Market,"Near Main Gate, Jebel Ali Free Zone",Jebel Ali,UAE,16837,04-8818522,,,
Starbucks Coffee,Deira City Centre,Dubai,UAE,1277,04-2948442,,,
Stars N Bars,"Yas Marina, Yas Island",Abu Dhabi,UAE,,02-5650101,,,
Sterling Caravan,Garhoud,Dubai,UAE,3929,04-2947771,,,
Stills,"Crown Plaza, Yas Island",Abu Dhabi,UAE,,02-6563066,,,
Stone Fire Pizza Kitchen,Near Real Cinemas. The Dubai Mall,Dubai,UAE,,04-3308152,,,
Stratos,Al Markaziyah,Abu Dhabi,UAE,,800 101101,,,
Subah Hotel Management Services LLC,Mina Rd,Abu Dhabi,UAE,48324,02-6723321,,,
Subhiksha Restaurant,Hamdan St,Abu Dhabi,UAE,,02-6760675,,,
Sublime Lounge,"Ibis Hotel, 2nd Zabeel Road",Dubai,UAE,,04-3187130,,,
Subway,"Blk 7, Food Court, Knowledge Village",Dubai,UAE,502936,04-3644545,,,
Subway,"Times Square Centre, Sh zayed road",Dubai,UAE,,04-3418808,,,
"Subway, The",Jumeira Lake Tower,Dubai,UAE,27888,04-4327999,,,
SucreSale,Jumeira Lake Tower,Dubai,UAE,,04-4484648,,,
Sugar Box,"418 University City Rd, Ind Area 13",Dubai,UAE,,04-3446084,050-4337994,,
Sugar Factory,"Shop MW 18, Festival City Mall",Dubai,UAE,,04-2843456,,,
Sugoi,"2nd Floor Dubai Mall Food Court, Downtown Burj Khalifa",Dubai,UAE,52546,04-4340755,,,
Sukh Sagar at the Beach,,Dubai,UAE,,04-4370188,,,
Sukh Sagar LLC,"Near Park Regis Kris Kin Hotel, Kuwait Street, Al Karama",Dubai,UAE,52119,04-3967222,04-3967291,,
Sultan Palace Restaurant,"opposite Zabeel Park, Near Karama Fish Market, Karama",Dubai,UAE,,04-3709377,,,
Sultana Restaurant,Muroor Rd,Abu Dhabi,UAE,95526,02-4482343,,,
Sum of Us,"Trade Cntre 1, Shk Zayed Road",Dubai,UAE,,056-4457526,,,
Sumaya Restaurant,"Near Sharjah Cinema, Al Marija St",Sharjah,UAE,28405,06-5681823,,,
Sumibiya,"Baniyas Rd, Deira",Dubai,UAE,476,04-2057033,,,
Summerland Motel,"Opp Sharjah Grand Hotel, Port Khalid, Al Khan",Sharjah,UAE,6006,06-5281321,,,
Sumo Salad,"Dubai Mall Food Court, Downtown Burj Khalifa",Dubai,UAE,523,04-3308063,,,
Sumo Sushi & Bento,"Ground Floor, Building # 10, BBC Building, Dubai Media City",Dubai,UAE,57360,04-3911041,,,
Sunlight Restaurant,Hamdan St,Abu Dhabi,UAE,26438,02-6321566,,,
Super Kabab Iranian Restaurant,"Al Khaleej Rd, Abu Hail",Dubai,UAE,,04-2685685,050-2411998,,
Super Seven Seas Restaurants,Bur Dubai,Dubai,UAE,45863,04-3932112,,,
Surf Cafe Dubai,Jumeirah Beach Road,Dubai,UAE,,04-3466292,,,
Surya Restaurant,Qusais,Dubai,UAE,,04-2678080,,,
Susana Restaurant,Karama,Dubai,UAE,26195,04-3575838,,,
Sushi,"Grand Hyatt Hotel, Sheikh Rashid Rd, Bur Dubai",Dubai,UAE,7978,04-3172222,,,
Sushi Central,Al Khalidiya,Abu Dhabi,UAE,,600 520007,,,
Sushi Counter,Dubai Media City,Dubai,UAE,,04-3751095,,,
Sushi Folie,"Holiday Inn, Al Barsha, next to Mall of the Emirates",Dubai,UAE,115443,04-3234333,,,
Sushi Sushi Restaurant - Century Village,Garhoud,Dubai,UAE,77671,04-2829908,,,
Suvoroff,"Murgan 1 Bldg, Near Al Ansari Exch, JBR",Dubai,UAE,333581,04-4370178,,,
Swadist,"Opposite City Corner Supermarket, Al Karama",Dubai,UAE,,04-3342920,04-3342921,,
Swagath Vegetarian Restaurant,"Food Court, Al Musalla Tower, Mankhool",Dubai,UAE,8226,04-3969363,04-3969323,,
"Swan, The","Al Ghurair Centre, Deira",Dubai,UAE,171567,04-2285911,,,
Sydney Restaurant,"Opp Bin Ladin Camp, Indl Area 11",Sharjah,UAE,30218,06-5349443,,,
Szechuan Palace,"Ramada Chelsea Hotel, Al Barsha",Dubai,UAE,,04-5019000,,,
Tabaq Restaurant,"Hamdan St, Ziani",Abu Dhabi,UAE,46695,02-6787349,,,
Taipei Dao,Downtown Dubai,Dubai,UAE,,04-4510694,,,
Taj Mahal Restaurant,"Next to Al Fujairah Jewellery, Opp ADCB",Fujairah,UAE,1146,09-2225225,,,
Tajdeed Hyderabadi Restaurant,"Gete Bldg B Block, Opp City Hotel, Rolla",Sharjah,UAE,,06-5637393,055-7590859,,
Tala Semplice,"8th St., Deira City Centre",Dubai,UAE,,04-2925200,,,
Talay Thai Restaurant,"Le Meridian, Al Zahiyah",Abu Dhabi,UAE,,02-6446666,,,
Tamar Darbar Restaurant,"Behind Masjid Shahaba, TCA",Abu Dhabi,UAE,75337,02-6452221,050-2644747,,
Tamba Restaurant,"World Trade Centre Mall, Al Markaziyah",Abu Dhabi,UAE,,02-6728888,,,
Tamilnadu Restaurant,"Fire Station Rd, Al Muwailah",Sharjah,UAE,66988,06-5353696,,,
Tandoor Express,Mussafah,Abu Dhabi,UAE,,02-5596655,,,
Tandoor Palace,"Al Nahda 1, Qusais",Dubai,UAE,91521,04-2505035,050-3659486,,
Tandoori Junction Restaurant,"G 04, HDS Tower, JLT",Dubai,UAE,643532,04-4311866,,,
Tandushi,Lotus Downtown Metro Hotel Apartments & Spa,Dubai,UAE,,04-2068888,,,
Tanjara,Madinat Zayed,Abu Dhabi,UAE,33779,02-6278644,,,
Taqado Mexican Kitchen,"The Galleria, Al Maryah Island",Abu Dhabi,UAE,,02-6770700,,,
Tarbouche,Central Market,Abu Dhabi,UAE,,02-6282220,,,
Tareeq Al Saadah Restaurant,"Masjid Bldg, Abu Shagara Park",Sharjah,UAE,,06-5240100,054-3037907,,
Tarweeah,"Behind Spinneys, Najda Street",Abu Dhabi,UAE,,02-6445004,056-6229119,,
Tashas Cafe,Al Bateen,Abu Dhabi,UAE,,02-4450890,,,
Tashkent Restaurant,Al Barsha,Dubai,UAE,71121,04-4470706,050-1157060,,
Taste Buds Restaurant FZO,"Shop 1, Apricot Building, Dubai Silicon Oasis",Dubai,UAE,,04-3922283,055-9812345,,
Taste Of India Vegetarian Restaurant,Al Wahda,Sharjah,UAE,,06-5484551,,,
Taste Restaurant,"Hor Al Anz, Deira",Dubai,UAE,,04-2623050,056-1630777,,
Tasty Biriyani Restaurant,Deira,Dubai,UAE,81658,04-2298856,,,
Tasty Village Restaurant,"Al Fahidi Plaza, Bur Dubai",Dubai,UAE,,04-3798100,055-1739191,,
Tawa Bakery,"Al Muneera Beach Plaza, Al Raha",Abu Dhabi,UAE,,02-5566900,,,
Taxi Shawarma,"Near Filli Tea, Al Shamsi Bldg, Baghdad St, Al Nahda",Dubai,UAE,,04-2727729,,,
Taza,Al Nahda,Sharjah,UAE,,06-5254415,,,
Tcby,Deira,Dubai,UAE,3929,04-2621144,,,
Tea Junction Cafe,"Opp Bohri Masjid, Bhnd NMC, Al Nahda 2",Dubai,UAE,,04-8804428,056-4485335,,
Tea Turn Cafeteria,"Near Fatima Supermarket, TCA",Abu Dhabi,UAE,,02-6456751,055-3673131,,
Teatro - Towers Rotana Hotel,Sh Zayed Road,Dubai,UAE,30430,04-3122240,,,
Thai Rock Restaurant,"Food Court, Al Khail Mall, Al Quoz",Dubai,UAE,,04-3307555,,,
The Black Lion,"The H Dubai, Shk Zayed Road",Dubai,UAE,,04-5018888,,,
The Boardwalk,"Opp City Centre, Deira",Dubai,UAE,,04-2956000,,,
The Cake Bar,Jumeirah Beach Rd,Dubai,UAE,22399,04-3955775,,,
The Cave,"Cornad Dubai, Shk Zayed Road",Dubai,UAE,,04-4447444,,,
The City Celebration Restaurant,Hamdan St,Abu Dhabi,UAE,,02-6729656,,,
The Croft,Dubai Marina,Dubai,UAE,,04-3194794,,,
The Desert Wok Restaurant,"Al Qusais 1, Nxt Dubai Women's College",Dubai,UAE,,04-2585522,04-2585527,,
The Favourite Restaurant,Al Falah Str,Abu Dhabi,UAE,40032,02-6412464,,,
The Forge,"Ritz Carlton, Al Maqta",Abu Dhabi,UAE,,02-8188282,,,
The Foundry,"Southern Sun, Al Zahiyah",Abu Dhabi,UAE,,02-8184888,,,
The Gem Garden,Shaikh Zayed Road,Dubai,UAE,,04-3234333,,,
The Grand Grill Steakhouse,Shk Zayed Rd,Dubai,UAE,213059,04-3380409,,,
The Huddle,"Citymax Hotel, Al Barsha",Dubai,UAE,,04-4078000,,,
The Indian Accent,Salam Street,Abu Dhabi,UAE,,02-8836144,,,
The Indian Corner FZC,SAIF Zone,Sharjah,UAE,9358,06-5573664,,,
The Indian Pavillion,Umm Suqueim / Al Wasl Road / MOE,Dubai,UAE,,04-3941483,,,
The Kebab Shop,"Z Bldg, DMCC",Dubai,UAE,126764,04-3453365,,,
The Liquid Lounge,"Gold Swiss Belhotel, Bur Dubai",Dubai,UAE,,04-3459992,,,
The Lounge,"Sea View Hotel, Bur Dubai",Dubai,UAE,,04-3558080,,,
The Maine - A New England Brasserie Company,Jumeirah,Dubai,UAE,,04-4576719,,,
The Market Place,"JW Marriot, Deira",Dubai,UAE,,04-6077977,,,
The Meat Company,Souk Al Qaryat Al Beri,Abu Dhabi,UAE,,02-5581713,,,
The Med,Dubai Media City,Dubai,UAE,,04-4271000,,,
The Monk,Al Aweer,Dubai,UAE,63363,04-3335353,,,
The Monsoon,"Flora Grand Hotel, Deira",Dubai,UAE,,04-2233344,,,
The Old Vic,"Ramada Hotel Dubai, Bur Dubai",Dubai,UAE,,04-3519999,,,
The Retreat,Khalifa City,Abu Dhabi,UAE,,02-6169999,,,
The Snack House,"Gate 1 Building, Dubai Silicon Oasis",Dubai,UAE,,04-3338680,056-4279327,,
The Stuffed Burger Company,Airport Road,Abu Dhabi,UAE,,02-5560353,600 545541,,
The Terrace Restaurant,Next to Gulf Medical University,Ajman,UAE,,06-7430002,,,
The Village Restaurant,"Al Hamra Village Golf Resort, RAK",Ras Al Khaimah,UAE,,07-2446666,,,
The Wok House,"Front Fa?ade, BurJuman",Dubai,UAE,,04-3599786,,,
Tibba Restaurant,"Damascus St, Qusais",Dubai,UAE,,04-2578585,,,
Tiffinbites,Jumeirah Beach Residence,Dubai,UAE,,04-4404952,,,
Tikka Tonight Restaurant,"UAE Exchange Bldg, Damascus St, Al Qusais",Dubai,UAE,,04-2205822,,,
Todays Restaurant,"Bhnd Zuleka Hosp, Near Pond Park, Al Nahda 2",Dubai,UAE,,04-2637335,050-2487003,,
Toki Japanese Restaurant,"Hilton, Khubeirah",Abu Dhabi,UAE,,02-6811900,,,
Tom & Serg Cafe,"Al Joud Centre, 15A Street, Al Quoz",Dubai,UAE,,050-4746812,,,
Tony Roma's,Sh Zayed Rd,Dubai,UAE,15018,04-3685655,,,
Topkapi - Taj Palace Hotel Dubai,Riqa Road,Dubai,UAE,42211,04-2113060,,,
Tori Nu Su,"Jumeirah Al Etihad Towers, Al khubeirah",Abu Dhabi,UAE,,02-8115666,,,
Tourist Club Star Cafeteria,"Universal Pharmacy Building, TCA",Abu Dhabi,UAE,,056-4680910,,,
Trader Vics,"Crowne Plaza, Sh zayed road",Dubai,UAE,,04-3311111,,,
Traiteur,"Park Hyatt, Deira",Dubai,UAE,,04-3172222,,,
Travancore Restaurant LLC,Mussafah 10,Abu Dhabi,UAE,,02-5596490,,,
Tripoli Restaurant,Musaffah,Abu Dhabi,UAE,,02-6440999,02-5553666,,
Triveni Restaurant,"Beauty Center Bldg, Near Fish R/A, Opp Maktoum Hosp",Dubai,UAE,82863,04-2213133,,,
Troyka - Ascot Hotel,"5th Flr, Burjuman Centre, Bur Dubai",Dubai,UAE,52555,04-3520900,,,
Tub Of Butter,"Al Manara, Shk Zayed Road",Dubai,UAE,,04-3438884,,,
Turath Al Mandi,"503, Jumeirah Beach Rd, Jumeirah 3",Dubai,UAE,74804,04-3953555,,,
Turquoiz,Saadiyat Island,Abu Dhabi,UAE,,02-4988888,,,
Tutti Frutti Restaurant,Al Wasit St,Sharjah,UAE,,06-5668555,,,
UBK Cafe,"Movenpick, JLT",Dubai,UAE,,04-4380000,,,
Udupi Sagar Restaurant,"Near Astoria Hotel, Meena Bazar, Bur Dubai",Dubai,UAE,122426,04-3799442,052-3960616,,
Ultra Brasserie,Dubai Marina,Dubai,UAE,,04-2775644,,,
Union Restaurant,"Near Emirates Petrol Station, Launch R/A",Ras Al Khaimah,UAE,401,07-2331389,,,
Unique Restaurant,Murabba R/A,Al Ain,UAE,16913,03-7668188,,,
UNO Pizzeria & Grill,Deira City Centre,Dubai,UAE,,8008667,,,
Uptown Pizza,Jumeirah,Dubai,UAE,79401,04-3483487,,,
Urban Bistro,"CNN Building, Media City",Dubai,UAE,,04-3624330,,,
Urban Seafood,The Outlet Village,Dubai,UAE,,800 7527,,,
Ushna Restaurant,Souk Al Qaryat Al Beri,Abu Dhabi,UAE,,02-5581769,,,
Vadakkan Pepper Restaurant,"Owais Bldg, Abu Shagara",Sharjah,UAE,,06-5445225,056-4204506,,
Vaishali Restaurant LLC,Deira,Dubai,UAE,65214,04-2243839,,,
Variety Food Restaurant and Catering,New Sanaiya,Ajman,UAE,14113,06-7481012,,,
Vasanta Bhavan Restaurant,Bur Dubai,Dubai,UAE,51311,04-3934873,,,
Vasanta Vegetarian Bhavan Restaurant,Al Nahda,Dubai,UAE,,04-2391177,,,
Vascos,"Hilton, Al Khubeirah",Abu Dhabi,UAE,,02-6811900,,,
Vazhiyoram Thattukada,"Near National Paints, Al Muwailah",Sharjah,UAE,,06-5435498,,,
Venus Restaurant,"Opposite Lulu Center, Al Karama",Dubai,UAE,,04-3352113,,,
Via Delhi Restaurant,"Near Lamcy, Oud Metha",Dubai,UAE,,04-3448044,054-4042477,,
Village Restaurant,"Village Hyper Market Bldg, New West Accomodation, 8th R/A, Jafza",Jebel Ali,UAE,14528,04-8834844,,,
Vrindhavan Restaurant,"Bhnd Deira Taxi Stand, Deira",Dubai,UAE,52423,04-2273527,,,
Wadat Beijing Chinese Restaurant,"Bhnd Lulu Center, Near Sharjah Rotana Hotel",Sharjah,UAE,24365,06-5647551,,,
Wadi Darbar Restaurant LLC,Satwa,Dubai,UAE,,04-3327755,055-5336040,,
Wadi Hadhramout Rest,"Near Al Madina S/Market, Gurfa",Fujairah,UAE,,09-2233389,,,
Wanees Restaurant,Deira,Dubai,UAE,40696,04-2696284,,,
Wardat Lebanese Restaurant FZCO,JLT,Dubai,UAE,,04-4521188,,,
Weighbridge Restaurant,"3rd I/Change, Al Quoz Indl Area",Dubai,UAE,6647,04-3470458,,,
Wengs Kitchen Restaurant,"Behind UNB, Salam Street",Abu Dhabi,UAE,46504,02-6776799,055-9893199,,
West Line Cafeteria,TCA,Abu Dhabi,UAE,,02-6344771,055-3920265,,
West Star Restaurant,"Near Rotana Hotel, Al Nabba St",Sharjah,UAE,,06-5620156,,,
Whissle,Tecom,Dubai,UAE,,04-4538200,,,
White Pearl Restaurant,"Bhnd Modern Bakery, Near Jaleel Traders, Al Quoz",Dubai,UAE,,04-3400226,055-9208011,,
Winnys Restaurant and Confectionery LLC,Bhnd Karama Fish Market,Dubai,UAE,115867,04-3358060,,,
Wok Inn Thai-Chi Diner,Karama,Dubai,UAE,,04-3977711,,,
Woodside Restaurant,"Opp ADCB, Al Mina Rd",Sharjah,UAE,,06-5615704,06-5625643,,
Woodys,"Food Court, Ramla Mall, DIP",Jebel Ali,UAE,488059,04-8878338,,,
Wrapchic,,Dubai,UAE,,04-3589999,,,
Y Bar,"Yas Island, Rotana Hotel",Abu Dhabi,UAE,,02-6564000,,,
Yannick Alleno,Palm Jumeirah,Dubai,UAE,,04-44010101,,,
Yasmin Sweets and Restaurant,Old Passport Rd,Abu Dhabi,UAE,28815,02-6312580,,,
Yellow Cab Pizza Company,Satwa,Dubai,UAE,,04-3456785,,,
Yum Yum Tree Food Court,,Dubai,UAE,,04-4461500,,,
Yummy Indian Restaurant,"Damascus St, Al Qusais 2",Dubai,UAE,333457,04-2677337,,,
Z Pizza Restaurant,"Jumeirah Beach Rd, Dubai Marina",Dubai,UAE,98811,04-3649292,,,
Zaatar W Zeit,Sh Zayed Rd,Dubai,UAE,,600-522231,,,
Zabeel Restaurant,Bur Dubai Bus Stn,Dubai,UAE,45570,04-3939471,,,
Zafran,Marina Mall,Dubai,UAE,,04-2840987,,,
Zahrat Al Quds Rest,"Abu Hail Centre, Deira",Dubai,UAE,86052,04-2977510,,,
Zahrat Al Reef Al Shami Restaurant,,Sharjah,UAE,,06-5214175,,,
Zaid Al Ammar Seafood Restaurant,"Bhnd Al Mamzar Centre, Abu Hail",Dubai,UAE,,04-2560000,056-6621788,,
Zam Zam Restaurant,"Near Sony Electronics S/Room, Marijah Rd",Sharjah,UAE,66,06-5682940,,,
Zaytinya,Al Seef Village Mall,Abu Dhabi,UAE,,02-4474489,,,
